,Place,Size,Price
0,"1, MIGAA Golf Estate,, Kiambu Road, Kiambu Road",0.125 ac land for sale in Kiambu Road, 5000000
1,"Fundisa, Malindi Town, Malindi",Land for sale in Malindi Town, 4500000
2,"Ruiru Kamiti Road, Kamiti, Kiambaa",1222194 m² commercial land for sale in Kamiti, 3700000000
3,"Ruaka-Ndenderu road, Ruaka, Kiambaa",1012 m² commercial land for sale in Ruaka, 28000000
4,"Runda, Westlands",1 ac residential land for sale in Runda, 60000000
5,"Kikuyu Town, Kikuyu",Land for sale in Kikuyu Town, 16000000
6,"Gikambura, Kikuyu",Land for sale in Gikambura, 6200000
7,"Manyani Road, Lavington, Dagoretti North",1 ac land for sale in Lavington,P.O.A
8,"Ruiru, Ruiru, Ruiru",5665800 m² commercial land for sale in Ruiru, 4000000
9,"Kamuyu Drive, Gikambura, Kikuyu",500 m² residential land for sale in Gikambura, 2800000
10,"Gigiri, Westlands",2024 m² residential land for sale in Gigiri, 75000000
11,"Mugutha , Ruiru, Ruiru",1214 m² commercial land for sale in Ruiru, 15000000
12,"Wanjohi Area, Ol Kalou, Ol Kalou",Land Area 10 ac, 10000000
13,"Mutongoni Road, Athi River Area, Athi River",Land Area 80940 m², 320000000
14,"Parklands, Westlands",Land Area 2509 m², 220000000
15,"Kitengela, Kajiado North",Land Area 0 ac, 4500000
16,"Red Hill, Red Hill",Land Area 0 ac, 22000000
17,"Kikuyu Town, Kikuyu",Land Area 500 m², 3850000
18,"Thika Road, Kahawa Sukari, Roysambu",Land Area 0 ac, 12500000
19,"Karen, Langata",Land Area 4047 m², 50000000
20,"1/8 acre , Ongata Rongai, Ongata Rongai, Kajiado North",, 1500000
21,"332, Thika, Thika East, Thika East",Building Area 5000 ft², 3800000
22,"lukenya, Athi River",Land Area 40 ac, 400000000
23,"Outer Ring Road, Donholm, Embakasi",Land Area 0 ac,P.O.A
24,"Magarini Malindi, Magarini, Magarini",Land Area 22 ac, 1980000
25,"Naromoru, Nanyuki, Laikipia East",Land Area 500 m², 289000
26,"Kikenni, Mukoma, Nairobi Hardy, Langata","Land Area 1 ac
5
6", 47000000
27,"Bogani Road, Karen, Langata",Land Area 1 ac, 67000000
28,"Parklands, Westlands",Land Area 2023 m², 140000000
29,"Kikuyu Town, Kikuyu",Land Area 1000 m², 6500000
30,"Waiyaki Way, Westlands",Land Area 2000 m², 180000000
31,"Convent Road, Lavington, Dagoretti North",Land Area 0 ac, 145000000
32,"Mtwapa, Kilifi South",Land Area 24282 m², 5500000
33,"Malindi Town, Malindi","Land Area 300 m²
2
1", 995000
34,"Near NanyukiAirstrip, Nanyuki, Laikipia East",Land Area 5000 ft², 350000
35,"Kikuyu Town, Kikuyu",Land Area 0 ha, 800000
36,"Acacia, Acacia, Kitengela, Kajiado North",None 0 ha, 7500000
37,"Kisaju, Kajiado Central",Land Area 6 ac, 36000000
38,"Thika Road, Thika Road",Land Area 2023 m², 31000000
39,"Nanyuki, Laikipia East",Land Area 22662 m², 11200000
40,"Off Kabarserian Avenue, Lavington, Dagoretti North",Land Area 2671 m², 120000000
41,"Namanga Road, Kisaju, Kajiado Central",Land Area 101175 m², 325000000
42,"Limuru Area, Limuru",Land Area 500 m², 1900000
43,"Ruiru, Ruiru",, 1300000
44,"Nyasa Road, Makadara, Makadara",Land Area 23796 m², 440000000
45,"Kikuyu Town, Kikuyu",Land Area 0 ha, 4500000
46,"Ndeiya, Limuru",, 1400000
47,"Kikuyu Town, Kikuyu",Land Area 500 m², 5500000
48,"Kiambu Road, Kiambu Road",Land Area 0 ac, 5000000
49,"Kikuyu Town, Kikuyu",Land Area 0 ha, 1900000
50,"Muthaiga Area, Muthaiga",Land Area 4047 m², 220000000
51,"Kinoo, Kabete",Land Area 0 ha, 16500000
52,"Malindi Town, Malindi",, 1750000
53,"Thika Gatura, Thika Road, Thika Road",Land Area 95 ac, 855000000
54,"Namanga Road, Kisaju, Kajiado Central",Land Area 28329 m², 72000000
55,"Malindi Town, Malindi",Land Area 500 m², 1200000
56,"Pan African Insurance Avenue, Runda, Westlands",Land Area 2024 m², 50000000
57,"Koma phase 2, Koma Rock, Kangundo",Land Area 0 ac, 650000
58,"Nyali Area, Nyali",, 125000000
59,"Kinoo, Kabete",Land Area 0 ha, 5250000
60,"Banana-Raini Road, Ruaka, Kiambaa",Land Area 0 ac, 6500000
61,"Ongata Rongai, Kajiado North",Land Area 0 ha, 6000000
62,"Thika Greens, Thika, Thika",Land Area 1000 m², 5500000
63,"Canaan Rd, Off Kamiti Rd, Kahawa West, Roysambu",, 4500000
64,"Westwood Park, Karen, Karen, Langata",Land Area 1 ac, 61000000
65,"Kitengela, Kajiado North",, 1500000
66,"Kiratina, Ruiru, Ruiru",Land Area 400 m², 1350000
67,"Embakasi Estate, Embakasi",Land Area 0 ac, 23000000
68,"Membley , Ruiru, Ruiru",Land Area 506 m², 7000000
69,"Rhino Park Road, Karen, Langata",Land Area 1 ac, 61000000
70,"Juja, Kiambu Constituency",Land Area 0 ac, 720000
71,"Kuwinda, Karen, Langata",Land Area 2000 m², 28000000
72,"Athi River Area, Athi River",, 25000000
73,"the rest of Naivasha, Naivasha",Land Area 20235 m², 4600000
74,"Marereni, Jilore, Malindi",Building Area 0 ha, 200000
75,"Riverside, Westlands",, 370000000
76,"Lumumba rd, Majengo, Mvita",Land Area 3000 ft², 12000000
77,"Runda, Northern Bypass, Runda,, Runda, Westlands",Land Area 4047 m², 160000000
78,"Thika, Thika",Land Area 4047 m², 79999999
79,"Kia-Wamagira, Thogoto, Kikuyu Town, Kikuyu",Land Area 1800 m², 17000000
80,"Ukunda, Ukunda",, 6000000
81,"Isinya, Kajiado North",Land Area 88 ac, 352000000
82,"Ruiru, Ruiru",, 1500000
83,"South C, Langata",, 70000000
84,"Juja, Kiambu Constituency",Land Area 8094 m², 30000000
85,"Old Muthaiga, Muthaiga",Land Area 6475 m², 170000000
86,"kiambu, riabai, Runda, Westlands",Land Area 500 m², 5000000
87,"332 Ruiru, Rainbow Resort tarmac, Ruiru, Ruiru",Building Area 3200 ft², 4700000
88,"Rumuruti, Nanyuki, Laikipia East",Land Area 8 ha, 180000000
89,"MIGAA Golf Estate, Kiambu Road, Kiambu Road",Land Area 0 ac, 5000000
90,"Kinoo, Kabete",Land Area 500 m², 8000000
91,"Nyari, Westlands Redhill Link road, Nyari, Westlands",Land Area 1 ac, 220000000
92,"Nyali Area, Nyali",, 39000000
93,"Amboseli Road, Lavington, Dagoretti North",Land Area 1 ac, 156000000
94,"Westlands Area, Westlands",Land Area 0 ac, 180000000
95,"St. Julian Road, Red Hill, Red Hill",Land Area 0 ac, 10000000
96,"Mombasa Road, Mombasa Road",Land Area 1012 m², 20000000
97,"Thika Greens Estate, Thika Road, Thika Road",Land Area 1012 m², 5000000
98,"Lower Kabete, Westlands",, 85000000
99,"Dagoretti Road, Karen, Langata",Land Area 11332 m², 300000000
100,"Ruaka - Banana Rd, Ruaka, Kiambaa",Land Area 420 m², 15000000
101,"Kilimani, Dagoretti North",Land Area 3200 m², 300000000
102,"Muthaiga Area, Muthaiga",Land Area 1 ac, 650000000
103,"Magadi Road, Ongata Rongai, Kajiado North",Land Area 0 ac, 60000000
104,"Havana, Runda, Westlands",Land Area 2428 m², 55000000
105,"KANDARA ROAD, KANDARA, Thika, Thika",Land Area 0 ac, 5500000
106,"Kinoo, Kabete",, 22000000
107,"Kitengela, Kajiado North",, 1200000
108,"Karen, Langata",, 65000000
109,"Thika Super Highway, Juja, Kiambu Constituency",Land Area 1012 m², 18000000
110,"James gichuru, Gitanga road., Lavington, Dagoretti North",Land Area 0 ac, 260000000
111,"Kikuyu Town, Kikuyu",Land Area 1000 m², 4500000
112,"Gikambura, Kikuyu",Land Area 0 ha, 4000000
113,"Argwings Kodhek Road, Valley Arcade, Dagoretti North",Land Area 4047 m², 330000000
114,"Kitengela, Kajiado North",Land Area 500 m², 2400000
115,"Mazola , Garden, Kitengela, Kajiado North",Land Area 400 m², 1900000
116,"Nyeri Road, Kileleshwa, Dagoretti North",Land Area 4039 m², 285000000
117,"Off Mutongoni Road, lukenya, Athi River",Land Area 5000 ft², 450000
118,"Ongata Rongai, Kajiado North",Land Area 0 ha, 11000000
119,"Kavunyalalo, Ganda, Malindi",, 200000
120,"kikambala, Kikambala, Kilifi South",Land Area 3200 ft², 1400000
121,"Juja, Kiambu Constituency",, 800000
122,"Nyali, Nyali Area, Nyali",Land Area 52272 ft², 155000000
123,"Ngong Road, Ngong Road",Land Area 1 m², 500000000
124,"Ngong, Kajiado North",Land Area 500 m², 2800000
125,"Mumwe, Runda, Runda, Westlands",Land Area 2833 m², 45000000
126,"xx, kerarapon road, Karen, Langata",Land Area 1 ac, 58000000
127,"Off Kangundo Road, Koma Rock, Kangundo",Land Area 404700 m², 250000000
128,"Naivasha Town, Naivasha",Land Area 235 ac, 587500000
129,"Galu Beach, Diani, Msambweni",Land Area 464 m², 1050000
130,"Kantafu, Kantafu, Koma Rock, Kangundo",Land Area 450 m², 600000
131,"Lavington, Dagoretti North",Land Area 3035 m², 100000000
132,"Kiambu Town, Kiambu Town",, 5500000
133,"Joska, Kangundo",Land Area 450 m², 595000
134,"2, Konza, Mombasa Road, Mombasa Road",Land Area 4047 m², 335000000
135,"Nyali Area, Nyali",, 10000000
136,"Ongata Rongai, Kajiado North",Land Area 500 m², 1000000
137,"Kagundo Road, Kasarani",Land Area 506 m², 499000
138,"Epz Road, Mlolongo, Athi River",Land Area 0 ac, 7500000
139,"Runda, Westlands",Land Area 4856 m², 125000000
140,"Kantafu, Koma Rock, Kangundo",Land Area 450 m², 525000
141,"Oltoroto, Oltoroto, Kitengela, Kajiado North",Land Area 0 ha, 550000
142,"Vipingo Beach, Marijani Vipingo Beach, vipingo, Kilifi North",Land Area 750 m², 3550000
143,"Msabaha, Malindi Town, Malindi",Building Area 0 ha, 375000
144,"Nyali, Nyali Area, Nyali",Land Area 1011 m², 24000000
145,"Kiambu Road, Cianda, Kiambaa",Land Area 2023500 m², 12000000
146,"Runda, Westlands",Land Area 2023 m², 50000000
147,"Gikambura, Kikuyu",Land Area 450 m², 700000
148,"Kiserian, Kajiado North",Land Area 460 m², 559000
149,"Gikambura, Kikuyu",Land Area 0 ha, 2950000
150,"Nanyuki, Laikipia East",Land Area 450 m², 350000
151,"Westlands Road, Westlands Area, Westlands",Land Area 2024 m², 350000000
152,"Kinoo, Kabete",Land Area 1000 m², 28500000
153,"Rhino Park Road, Karen, Langata",Land Area 1 ac, 61000000
154,"32860, Miotoni road, Karen, Langata",Land Area 0 ac, 45000000
155,"Kahara Road, Ngong, Kajiado North",, 17000000
156,"vipingo, Kilifi North",, 18000000
157,"Kikuyu Town, Kikuyu",Land Area 0 ha, 4800000
158,"Ringroad, Kilimani, Dagoretti North",, 340000000
159,"Riverside Drive, Riverside, Westlands",Land Area 0 ac,P.O.A
160,"Mariakani, Mariakani, Mombasa CBD, Mombasa CBD",, 4000000
161,"Karen, Langata",Land Area 2024 m², 32000000
162,"Kikambala, Mtwapa, Kilifi South",Land Area 20 ac, 300000000
163,"Muthaiga North, North Muthaiga, Muthaiga",Land Area 2023 m², 52000000
164,"Ruiru, Ruiru, Ruiru",Land Area 10118 m², 125000000
165,"Kiambu Road, Kiambu Road",Land Area 2023 m², 95000000
166,"Namanga Road, Kitengela, Kajiado North",Land Area 80940 m², 360000000
167,"Mayungu road, Malindi Town, Malindi",Land Area 1012 m², 2200000
168,"Ngong, Kajiado North",Land Area 2023 m², 32000000
169,"Lavington, Dagoretti North",, 180000000
170,"Kiukenda, Kamiti, Kiambaa",, 14000000
171,"Nanyuki, Laikipia East",Land Area 500 m², 950000
172,"Kilimani, Dagoretti North",Land Area 0 ac, 400000000
173,"Githambara, Thika Road, Thika Road",, 900000000
174,"Kikuyu Town, Kikuyu",Land Area 4047 m², 60000000
175,"Eastleigh, Kamukunji Constituency",Land Area 28328 m², 900000000
176,"shanzu, serena, Mombasa CBD, Mombasa CBD",Land Area 4046 m², 38000000
177,"Machakos Town, Machakos Town",Land Area 5 ac,P.O.A
178,"Kikuyu Town, Kikuyu",Land Area 0 ha, 3500000
179,"Ruaka, Kiambaa",, 19000000
180,"Muchatha, Ruaka, Kiambaa",Land Area 1012 m², 15000000
181,"Lavington, Valley Arcade, Lavington, Dagoretti North",Land Area 0 ac, 145000000
182,"Juja, Kiambu Constituency",Land Area 202350 m², 3750000
183,"Kilimani, Dagoretti North",Land Area 2428 m², 250000000
184,"Ngong Road, Ngong Road",Land Area 1 ac, 600000000
185,"Kangundo Rd, Joska, Kangundo",Land Area 450 m², 1800000
186,"Upperhill Road, Upper Hill, Langata",Land Area 0 ac, 230000000
187,"Joska, Kangundo",, 800000
188,"Old Muthaiga, Muthaiga",Land Area 0 ac, 105000000
189,"Thindigua Highway Street, Kiambu Road, Kiambu Road",Land Area 4500 m², 42000000
190,"Musa Gitau, Gikambura, Kikuyu",Land Area 1250 m², 6500000
191,"Tezo, Kilifi North",Building Area 0 ha, 380000
192,"Athi River Area, Athi River",Land Area 34683 m², 20000000
193,"juja road, Juja, Kiambu Constituency",, 11000000
194,"Kikuyu Town, Kikuyu",Land Area 500 m², 1900000
195,"Kikuyu Town, Kikuyu",Land Area 500 m², 7800000
196,"Joska, Kangundo",None 464 m², 450000
197,"Ridgeways, Ridgeways",Land Area 0 ac, 35000000
198,"Kikuyu Town, Kikuyu",Land Area 500 m², 2500000
199,"Kikuyu Town, Kikuyu",Land Area 500 m², 5000000
200,"Mombasa Road, Syokimau, Athi River",, 75000000
201,"Kikuyu Town, Kikuyu",Building Area 500 ft², 1650000
202,"Mugutha, Ruiru, Ruiru",Land Area 506 m², 6000000
203,"Othaya Road, Kileleshwa, Dagoretti North",Land Area 0 ac, 380000000
204,"JUJA FARM, JUJA FARM, Juja, Kiambu Constituency",Building Area 5000 m², 399000
205,"Konza Gates, konza Gates, Machakos Town, Machakos Town",Land Area 5000 m², 600000
206,"Kitengela, Kajiado North",Land Area 0 ac, 12000000
207,"Thika Road, Thika Road, Thika Road",, 7000000
208,"Argwings Kodhek, Argwings Kodhek Road, Kilimani, Dagoretti North",Land Area 4 ac, 1600000000
209,"Thika, Thika",, 6000000
210,"Kare. Fairacres, Karen, Langata",, 56000000
211,"Thogoto-Mutarakwa Road, Lusengetti, Gikambura, Kikuyu",Land Area 500 m², 2350000
212,"Kikuyu Town, Kikuyu",Land Area 0 ha, 4700000
213,"Kitengela, Oltoroto, Kitengela, Kajiado North",Land Area 40000 m², 25000000
214,"Naromoru, Nanyuki, Laikipia East",Land Area 21 ac, 35700000
215,"Juja, Kiambu Constituency",Land Area 22 ac, 660000000
216,"Oloitokitok, the rest of Kajiado South, Kajiado South",Land Area 40470 m², 20000000
217,"the rest of Kisauni, the rest of Kisauni",Land Area 1300 m², 3000000
218,"Kilimani, Dagoretti North",Land Area 5261 m², 349999999
219,"Mushroom, Kiambu Road, Kiambu Road",Land Area 2024 m², 27000000
220,"Ngong Road, Kilimani, Dagoretti North",Land Area 17402 m², 1600000000
221,"Kikuyu Town, Kikuyu",Land Area 4000 m², 55000000
222,"Windsor, Kiambu Constituency",Land Area 40000 m², 15000000
223,"Beach, 2nd Row, Kikambala, Kilifi South",Land Area 0 ac, 2500000
224,"Ngong Road, Kilimani, Dagoretti North",Land Area 4695 m², 404000000
225,"Thika, Thika",Land Area 0 ha, 850000
226,"Utawala, Embakasi",Land Area 100 m², 12000000
227,"Donyo Sabuk Avenue, General Mathenge, Westlands",Land Area 1821 m², 145000000
228,"Katani Road, St Timothy Link Road, Syokimau, Athi River",Land Area 900 m², 8500000
229,"Ruiru, Ruiru",, 750000
230,"Tuala, Ongata Rongai, Kajiado North",Land Area 5000 m², 1200000
231,"Karen, Langata",Land Area 1 ac, 65000000
232,"Isinya, Kajiado North",Land Area 10 ac, 80000000
233,"Kirichwa, Kilimani, Dagoretti North",Land Area 4047 m², 450000000
234,"Amboseli, Kimana, the rest of Kajiado South, Kajiado South",Land Area 4047 m², 2000000
235,"Mnarani, Kilifi North",Land Area 4856 m², 27000000
236,"Limuru Girls, Tigoni, Limuru",Land Area 20235 m², 104000000
237,"Kitengela, Kajiado North",, 6500000
238,"Ruiru, Ruiru",Land Area 250 m², 750000
239,"Nakuru Town East, Nakuru Town East",Land Area 8903 m², 300000000
240,"Ruiru, Ruiru",Land Area 10117 m², 35000000
241,"Thika Superhighway, Juja, Kiambu Constituency",, 6000000
242,"Nakuru Ngata, Nakuru Ngata, Ngata, Rongai",Land Area 50100 m², 1600000
243,"VI, Karaba road, Kirinyaga Central, Kirinyaga Central",, 350000
244,"Baba Dogo, Ruaraka, Ruaraka",, 900000000
245,"Langata Area, Langata",Land Area 2023 m², 90000000
246,"Juja farm, Mumba Area, Juja, Kiambu Constituency",, 750000
247,"Koitobos Road, Karen, Langata",Land Area 2025 m², 35000000
248,"Ruiru, Ruiru",Land Area 250 m², 1000000
249,"Banana-Raini Road, Tigoni, Limuru",Land Area 0 ac, 9500000
250,"Kisumu West, Kisumu West",Land Area 1012 m², 3000000
251,"Moyne Drive, Nyali Area, Nyali",Land Area 1 ac, 110000000
252,"the rest of Naivasha, Naivasha",Land Area 20235 m², 4600000
253,"Off Langata Road, Karen, Langata",Land Area 5018 m², 45000000
254,"Ongata Rongai, Kajiado North",Land Area 0 ha, 1600000
255,"Landless Area, , Thika, Thika",Land Area 800 m², 2500000
256,"Kamakis corner area, Canaan, Ruiru, Ruiru",Building Area 3200 ft², 1100000
257,"Uthiru/Ruthimitu, Dagoretti South",Land Area 4047 m², 45000000
258,"Ongata rongai, Rimpa, Ongata Rongai, Kajiado North",Land Area 150 m², 3000000
259,"Kiambu Road, Kiambu Road",Land Area 50000 m², 350000000
260,"Juja, Kiambu Constituency",Land Area 465 m², 15000000
261,"Kyuna Rise, Kyuna, Westlands",Land Area 0 ac,P.O.A
262,"madaraka, langata, madaraka, langata, Madaraka, Langata",Land Area 0 ha, 110000000
263,"Kikuyu Town, Kikuyu",Land Area 0 ha, 3400000
264,"Crescent road, Parklands, Westlands",Land Area 0 ac, 250000000
265,"Mwiki, Kasarani",Land Area 142 m², 7500000
266,"Pipeline Rd, Pipeline, Embakasi",Land Area 8094 m², 4950000
267,"Kanamai, Kilifi, Kilifi North",Land Area 1 ac, 17000000
268,"Diani Beach Road, Diani, Msambweni",Land Area 263055 m², 3250000000
269,"332, Thika, Juja, Kiambu Constituency",Building Area 5000 ft², 550000
270,"Kamulu, Kangundo",Land Area 465 m², 900000
271,"Coffee Garden Drive, Muthaiga Area, Muthaiga",Land Area 2024 m², 50000000
272,"Embakasi Estate, Embakasi",Land Area 6475 m², 80000000
273,"Oloolua drive, Ngong, Kajiado North",Land Area 0 ha, 6500000
274,"Mastermind Tobacco, Syokimau, Athi River",Land Area 20235 m², 225000000
275,"Kikuyu Town, Kikuyu",Land Area 1000 m², 5000000
276,"4km from Isinya town., Isinya, Kajiado North",Land Area 4045 m², 600000
277,"Gikambura, Kikuyu",Land Area 1000 m², 6500000
278,"Ruiru, Ruiru, Ruiru",Land Area 1768539 m², 3700000000
279,"Waiyaki way, 87, Uthiru/Ruthimitu, Dagoretti South",Land Area 1 ac, 42000000
280,"Riat hills, west of Kisumu County, Riat Hills, Kisumu Central",Land Area 500 m², 800000
281,"Kikuyu Town, Kikuyu",Land Area 0 ha, 1650000
282,"Gikambura, Kikuyu",Land Area 500 m², 2600000
283,"Kinoo, Kabete",Land Area 0 ha, 9000000
284,"Muteero Close, Karen, Langata",Land Area 2005 m², 27000000
285,"Membley, Ruiru, Ruiru",Land Area 506 m², 8000000
286,"Karisheni road, Nyeri Town, Nyeri Town",Land Area 80 ac, 2000000
287,"Kikuyu Town, Kikuyu",Land Area 0 ha, 5500000
288,"Kilimani, Dagoretti North",Land Area 1133 m², 85000000
289,"Kiambu Road, Kiambu Road",Land Area 20235 m², 1
290,"001, Namanga Road, Isinya, Kajiado North",, 850000
291,"Kikambala, Kilifi South",, 17000000
292,"Nyari, Westlands",Land Area 2024 m², 47000000
293,"Kitengela, Kajiado North",Land Area 1012 m², 4800000
294,"Nanyuki, Laikipia East",, 170000
295,"Golini, the rest of Kwale, the rest of Kwale",Land Area 1 ac, 3000000
296,"Makutano, Mwea, Mwea",Land Area 4047 m², 250000
297,"Joska, Kangundo",, 850000
298,"Nanyuki, Laikipia East",Land Area 133 ac, 133000000
299,"Nyari, Westlands",Land Area 9 ac, 900000000
300,"Kitengela, Kajiado North",Land Area 506 m², 950000
301,"Namanga rd, Kitengela, Kajiado North",, 2000000
302,"Jumba ruins, 3rd row from beach, Mtwapa, Kilifi South",Land Area 0 ac, 1500000
303,"Westlands, Westlands Area, Westlands",, 165000000
304,"Kikuyu Town, Kikuyu",Land Area 500 m², 6000000
305,"Kikuyu Town, Kikuyu",Land Area 0 ha, 2400000
306,"Kilifi, Kilifi North","10
10", 250000000
307,"Funzi Island , the rest of Kwale, the rest of Kwale",Land Area 56658 m², 2000000
308,"Ongata Rongai, Kajiado North",Land Area 0 ha, 5500000
309,"jemi, Homes, Kitengela, Kajiado North",Land Area 450 m², 1300000
310,"Lower Kabete, Westlands",, 60000000
311,"Kikuyu Town, Kikuyu",Land Area 0 ha, 4200000
312,"Namanga Road, Namanga, Kajiado South",Land Area 153 ac, 229500000
313,"Kikuyu Town, Kikuyu",Land Area 0 ha, 1950000
314,"Ngong, Kajiado North",Land Area 500 m², 2000000
315,"Mombasa, Road, Mombasa Road, Mombasa Road",Land Area 5000 m², 175000000
316,"Karen, Langata",Land Area 17888 m², 309400000
317,"Musa Gitau, Gikambura, Kikuyu",Land Area 600 m², 3500000
318,"Malindi Town, Malindi",Land Area 4047 m², 3500000
319,"Malindi Town, Malindi",Land Area 506 m², 500000
320,"Ololua Road, Karen, Langata",Land Area 4047 m², 42000000
321,"Off Eastern Bypass, Ruiru, Ruiru",, 7500000
322,"Ruiru, Ruiru",,P.O.A
323,"Jogoo Road, Jogoo Road",Land Area 1 m², 98000000
324,"332, Thika, Juja, Kiambu Constituency",Building Area 1800 ft², 2200000
325,"Kaloleni, Kaloleni",Land Area 500 ft², 380000
326,"Lavington, Dagoretti North",Land Area 3238 m², 150000000
327,"Lavington, Dagoretti North",Land Area 3035 m², 225000000
328,"Ongata Rongai, Kajiado North",Land Area 5000 m², 1200000
329,"Mugutha Estate, Ruiru, Ruiru",, 1990000
330,"Riat Hills, Kisumu Central",Land Area 400 m², 9000000
331,"Imara Daima, Embakasi",, 10200000
332,"Diani, Diani, Msambweni",Building Area 8800 ft², 15000000
333,"Malewa Bay Estate, Moi North Lake Road, Naivasha East, Naivasha",Land Area 1 ac, 10000000
334,"4.2 Acres - Athi River, Off Mombasa Rd, Athi River Area, Athi River",, 22000000
335,"Thika, Thika",, 55000000
336,"Kikuyu Town, Kikuyu",Land Area 500 m², 2400000
337,"Parklands, Westlands",Land Area 1012 m², 90000000
338,"Marula Lane, Karen, Langata",Land Area 0 ac, 32500000
339,"Karen, Langata",Land Area 1 ac, 43500000
340,"lukenya, Athi River",Land Area 182 ac,P.O.A
341,"Off Namanga Road, Kitengela, Kajiado North",Land Area 0 ac, 2400000
342,"Ongata Rongai, Kajiado North",Land Area 500 m², 4000000
343,"Off Kaptagat Road, Loresho, Westlands",Land Area 2023 m², 37500000
344,"Kutch Road, Mlolongo, Athi River",Land Area 20235 m², 300000000
345,"Bomani, Bomani, Mtwapa, Kilifi South",Land Area 5000 ft², 1100000
346,"Rhino Park, Karen, Langata",, 60000000
347,"Diani, Msambweni",, 150000000
348,"Kilimani, Dagoretti North",Land Area 4000 m², 350000000
349,"Kikuyu Town, Kikuyu",Land Area 1000 m², 4500000
350,"Enka Villa, Kitengela, Kajiado North",Land Area 0 ac, 300000
351,"Nanyuki, Laikipia East",Land Area 465 m², 350000
352,"N/A, Ruiru, Ruiru",Land Area 4080 ft², 450000
353,"Juja, Kiambu Constituency",, 1500000
354,"Parklands, Westlands",Land Area 1619 m², 145000000
355,"Nyali, Nyali Area, Nyali",Land Area 10890 ft², 26000000
356,"Makueni, makueni",Land Area 29744 m², 367000000
357,"Nanyuki, Laikipia East",Land Area 450 m², 350000
358,"Riu-Nderi, Gikambura, Kikuyu",Land Area 500 m², 1950000
359,"Ongata Rongai, Kajiado North",Land Area 0 ha, 11000000
360,"Juja, Kiambu Constituency",Land Area 506 m², 2200000
361,"Nyali Area, Nyali",, 76000000
362,"Kamakis Eastern Bypass, Ruiru, Ruiru",Land Area 16188 m², 120000000
363,"Mushroom Garden Road, Kiambu Road, Kiambu Road",, 26000000
364,"Mavoko, Mavoko",Land Area 20235 m², 60000000
365,"Kikuyu Town, Kikuyu",Land Area 500 m², 4500000
366,"Ngong, Kajiado North",Land Area 10000000 m², 6000000
367,"Kahawa, Roysambu",Land Area 506 m², 6000000
368,"Ruiru, Murera, Ruiru, Ruiru",Land Area 30 m², 900000
369,"Vipingo Drive, vipingo, Kilifi North",Land Area 4047 m², 15000000
370,"Kitisuru, Westlands",Land Area 2023 m², 45000000
371,"Kikuyu Town, Kikuyu",Land Area 500 m², 2300000
372,"Karen, Langata",Land Area 2023 m², 35000000
373,"Mtwapa, Kilifi South",, 1500000
374,"Juja, Kiambu Constituency",, 750000
375,"Joska, Kangundo",Land Area 450 m², 995000
376,"Kitengela, Kajiado North",Land Area 30 ac, 420000000
377,"Kericho, kericho",Land Area 2024 m², 45000000
378,"Juja, Kiambu Constituency",Land Area 506 m², 15000000
379,"Joska, Kangundo Area, Kangundo",Land Area 448 m², 1050000
380,"wangapala, Parklands, Westlands",, 25000000
381,"Kahawa Sukari Estate, Kahawa Sukari, Roysambu",Land Area 1012 m², 6800000
382,"Runda, Westlands",Land Area 0 ac, 40000000
383,"Juja, Farm, Juja, Kiambu Constituency",Land Area 330 m², 600000
384,"Mai Mahiu, Naivasha",Land Area 4047 m², 550000
385,"Kitengela, Kajiado North",Land Area 1821 m², 1400000
386,"Ngong, Kajiado North",Land Area 1000 m², 9000000
387,"Diani Beach Road, Diani, Msambweni",Land Area 920 m²,P.O.A
388,"nachu, Ndeiya, Limuru",Land Area 5 ac, 3200000
389,"Rimpa Road, Ongata Rongai, Kajiado North",Land Area 506 m², 2800000
390,"Naivasha Njabini road, Naivasha Town, Naivasha",, 2000000
391,"Longonot, Naivasha",Land Area 5000 ft², 429000
392,"Olive Inn Estate, Kiamunyi, Rongai",Land Area 500 m², 6200000
393,"Madison Lane, Nanyuki, Laikipia East",Land Area 30000 m², 350000
394,"Runda, Westlands",Land Area 0 ac, 35000000
395,"Kanjata Road, Lavington, Dagoretti North",, 155000000
396,"vipingo, Kilifi North",Land Area 4047 m², 6500000
397,"Rungiri- Gitaru, Kikuyu Town, Kikuyu",Land Area 0 ha, 5000000
398,"Ongata Rongai, Kajiado North",Land Area 0 ha, 1300000
399,"Ruiru Kamiti Road, Ruiru, Ruiru",Land Area 97128 m², 45000000
400,"Rironi, Limuru",Land Area 1000 m², 13500000
401,"Kaloleni mavueni, Kaloleni, Kaloleni",Building Area 500 ft², 250000
402,"Mtwapa, Kilifi South",, 8000000
403,"Syokimau, Athi River",Land Area 15 ac, 600000000
404,"Isinya, Kajiado North",Land Area 1942 m², 336000000
405,"Othaya Road, Kaputei Gardens, Lavington, Dagoretti North",Land Area 0 ac, 150000000
406,"Katani, Katani, Athi River",Land Area 0 ac, 5000000
407,"Nanyuki, Laikipia East",Land Area 450 m², 350000
408,"Karen, Langata",Land Area 1 ac, 60000000
409,"Mlolongo, Athi River",Land Area 430 m², 1300000
410,"Kitengela, Kajiado North",, 5000000
411,"Garden Estate, Roysambu",Land Area 0 ac, 38000000
412,"Mtwapa, Kilifi South",, 400000000
413,"Juja, Kiambu Constituency",, 650000
414,"332, Thika, Juja, Kiambu Constituency",Building Area 2100 ft², 1700000
415,"Kikuyu Town, Kikuyu",Land Area 1000 m², 10000000
416,"muthaara, Thika, Thika",Land Area 50100 ac, 330000
417,"Mugutha kwa kabogo, Ruiru, Ruiru",Building Area 500 ft², 2200000
418,"Nanyuki, Laikipia East",Land Area 0 ac, 319000
419,"Thika Greens, Thika, Thika",Land Area 1000 ac, 5500000
420,"Industrial Area, Embakasi",Land Area 4047 m², 200000000
421,"Malindi Town, Malindi","Land Area 506 m²
2
2", 1750000
422,"Gikambura, Kikuyu",Land Area 0 ha, 3600000
423,"Jacaranda Avenue, Lavington, Dagoretti North",Land Area 4047 m², 190000000
424,"Kahawa West, Roysambu",, 11000000
425,"Runda, Westlands",, 57000000
426,"Fundisa Kibaoni, Malindi Town, Malindi",Land Area 76893 m², 1800000
427,"Nanyuki, Laikipia East",Land Area 404686 m², 35000000
428,"Karen, Langata",, 30000000
429,"Nyali Area, Nyali",, 9000000
430,"Hatheru Road, Lavington, Dagoretti North",Land Area 1 ac, 300000000
431,"Inkiwanchani, Inkiwanchani, the rest of Kajiado Central, Kajiado Central",Land Area 48564 m², 18000000
432,"Kyuna, Westlands",, 320000000
433,"Westlands Area, Westlands",Land Area 6475 m², 450000000
434,"Malindi Town, Malindi",Land Area 5000 m², 3000000
435,"Nyari, Westlands",, 70000000
436,"14th drive, Kerarapon drive, Ngong, Kajiado North",Land Area 0 ac, 20000000
437,"mara / koiyaki, Narok, Narok",Land Area 20 ha, 60000000
438,"Kikuyu Town, Kikuyu",Land Area 500 m², 2700000
439,"Watamu, Kilifi North",Building Area 500 ft², 375000
440,"Jamii Bora, Bank, Kitengela, Kajiado North",Land Area 450 m², 3500000
441,"Syokimau, Athi River",Land Area 1000 m², 7300000
442,"Old Muthaiga, Muthaiga",, 180000000
443,"Ruaka, Ruaka, Kiambaa",, 12300000
444,"332, Kalimoni, Juja, Kiambu Constituency",Building Area 3200 ft², 2800000
445,"Ngong - Olkeri, Ngong, Kajiado North",Land Area 4047 m², 15000000
446,"Joska, Kangundo",Land Area 14 ac, 23800000
447,"Ngong, Kajiado North",, 4500000
448,"Ngong, Ngong, Kajiado North",Land Area 1 ac, 16000000
449,"Kyuna, Westlands",Land Area 3035 m², 150000000
450,"Ruiru, Ruiru",Land Area 50000 m², 630000
451,"Kikambala, Kilifi South",Land Area 16188 m², 6500000
452,"Mavoko, Mavoko, Mavoko",Land Area 190209 m², 50000000
453,"Thigiri Lane, Thigiri, Westlands",Land Area 4047 m², 120000000
454,"Mtwapa, Kilifi South",, 1500000
455,"Kikuyu Town, Kikuyu",Land Area 0 ha, 3500000
456,"Matasia Area, Ngong, Kajiado North",Land Area 500 m², 2000000
457,"Tom Mboya Street, Kitisuru, Westlands",Land Area 2024 m², 60000000
458,"Namanga Road, Kisaju, Kajiado Central",Land Area 40470 m², 100000000
459,"Hibiscus Road, Runda, Westlands",Land Area 2024 m², 33000000
460,"Karen, Langata",, 900000000
461,"Kitengela, Kajiado North",Land Area 121410 m², 300000000
462,"Ruiru, Ruiru",Land Area 239 m², 1000000
463,"Ngecha, Limuru",Land Area 0 ha, 38000000
464,"Kitengela, Kajiado North",Land Area 506 m², 2250000
465,"Isinya - Kiserian Rd, Isinya, Kajiado North",Land Area 20235 m², 25000000
466,"Muhuri Road, Kinoo, Kabete",Land Area 0 ac, 49500000
467,"1, Next to Olpejeta Conservancy, Nanyuki, Laikipia East",Land Area 0 ac, 250000
468,"Kikuyu Town, Kikuyu",Land Area 0 ha, 2800000
469,"Tigoni, Limuru",Land Area 0 ac, 9500000
470,"Safari Park, Mirema Road, Nairobi Central, Starehe",Land Area 0 ac, 45000000
471,"Vipingo Beach, Marijani-Vipingo Beach, vipingo, Kilifi North",Land Area 405 m², 1850000
472,"Ongata Rongai, Kajiado North",Land Area 506 m², 3000000
473,"Kikuyu Town, Kikuyu",Land Area 0 ha, 5700000
474,"Kikuyu Town, Kikuyu",Land Area 500 m², 5500000
475,"Kikuyu Town, Kikuyu",Land Area 500 m², 4600000
476,"Mtangani, Ganda, Malindi",Land Area 1 ac, 6000000
477,"Riverside, Riverside Drive, Riverside, Westlands",Land Area 0 ac, 230000000
478,"Kikuyu Town, Kikuyu",Land Area 500 m², 1650000
479,"1, Karen Plains, Karen, Langata",Land Area 16187 m², 200000000
480,"Links Road, Mombasa, Nyali Area, Nyali",Land Area 5 ac, 950000000
481,"Kikuyu Town, Kikuyu",Land Area 1000 m², 11500000
482,"12 km from Namanga highway, Kitengela, Kajiado North",Land Area 0 ac, 449999
483,"Kitengela, Kajiado North",Land Area 1011 m², 2000000
484,"Kikuyu Town, Kikuyu",Land Area 0 ha, 3200000
485,"Upper Hill, Langata",Land Area 5221 m², 750000000
486,"Kabete Area, Kabete",Land Area 500 m², 5000000
487,"Convent drive, Lavington, Dagoretti North",, 200000000
488,"Karen, Langata",Land Area 2000 m², 28000000
489,"Gikambura, Kikuyu",Land Area 0 ha, 6200000
490,"Karen, Langata",Land Area 8094 m², 58000000
491,"Kahawa Sukari, Roysambu",Land Area 40468 m², 220000005
492,"Kikuyu Town, Kikuyu",Land Area 0 ha, 1900000
493,"Rironi, Limuru",, 1600000
494,"Riverside, Westlands",Land Area 0 ac, 230000000
495,"Ha Thiru, Gikambura, Kikuyu",Land Area 500 m², 2500000
496,"Karen, Langata",Land Area 10117 m², 300000000
497,"King'ero Riverside, Wangige, Kabete",Land Area 0 ac, 9500000
498,"Kyuna, Westlands",Land Area 3966 m², 100000000
499,"Gikambura, Kikuyu",Land Area 500 m², 700000
500,"Kikuyu Town, Kikuyu",Land Area 0 ha, 2500000
501,"Kitengela, Kajiado North",Land Area 1012 m², 6000000
502,"Utawala, Embakasi",Land Area 1214 m², 9500000
503,"Ngong, Kajiado North",Land Area 2024 m², 32000000
504,"Ngong road, Lavington, Dagoretti North",Land Area 0 ac, 200000000
505,"Kinungi, the rest of Naivasha, Naivasha",Land Area 0 ac, 350000
506,"Ruaka Banana Road, Ruaka, Kiambaa",Land Area 3035 m², 80000000
507,"Nyali, Mombasa CBD, Mombasa CBD",Land Area 100188 ft², 170000000
508,"Emali, Mombasa Road, Mombasa Road",Land Area 28 ac, 1200000
509,"Namanga, Kajiado South",Land Area 12141 m², 600000
510,"Kwaheri Rd, Runda, Westlands",Land Area 1012 m², 18000000
511,"lukenya, Athi River",Land Area 20234 m², 6500000
512,"Ruiru, Ruiru",, 6500000
513,"Near Karuguru Primary, Kamakis Corner, Ruiru, Ruiru",Land Area 0 ac, 3500000
514,"Nyali Area, Nyali",, 25000000
515,"Ongata Rongai, Kajiado North",Land Area 1000 m², 5500000
516,"Limuru Road, Cianda, Kiambaa",, 13500000
517,"Gikambura, Kikuyu",, 1800000
518,"Joska, Kangundo",Land Area 450 m², 845000
519,"Waiyaki Way, Westlands",Land Area 1000 m², 15000000
520,"Kiambaa Area, Kiambaa",Building Area 0 m², 7500000
521,"Amboseli Road, Namanga, Kajiado South",Land Area 1012 m², 600000
522,"Riu - breeze, Gikambura, Kikuyu",Land Area 500 m², 3500000
523,"Rongai, Ongata Rongai, Kajiado North",Land Area 354 m², 8000000
524,"Chalbi Road, Lavington, Dagoretti North",Land Area 3237 m², 230000000
525,"Sagana, Sagana gateaway resort, Maragwa, Maragwa",, 550000
526,"Langata road, Langata Area, Langata",Land Area 247 m², 11000000
527,"Nyali, Nyali Area, Nyali",Land Area 5 ac, 825000000
528,"Brookside, Westlands",Land Area 1 ac, 400000000
529,"Karen, Langata",Land Area 3 ac, 325000000
530,"Lavington, Dagoretti North",, 110000000
531,"Kumpa, the rest of Kajiado South, Kajiado South",Land Area 10 ac, 12000000
532,"Joska, Kangundo",Land Area 450 m², 600000
533,"Kikuyu Town, Kikuyu",Land Area 500 m², 2300000
534,"Kikuyu Town, Kikuyu",Land Area 0 ha, 1850000
535,"Ngong, Kajiado North",Land Area 1000 m², 5500000
536,"xx, Karen, Langata",Land Area 0 ac, 30000000
537,"Kilifi, Kilifi North",, 24000000
538,"Waithaka, Dagoretti South",4, 28000000
539,"Off Masai Road, Ngong, Kajiado North",Land Area 10000 ft², 6500000
540,"Nanyuki-Timau road, Nanyuki, Laikipia East",Land Area 9 ac, 27000000
541,"Gikambura, Kikuyu",Land Area 500 m², 3500000
542,"Nairobi, General Mathenge, General Mathenge, Westlands",Land Area 0 ac, 340000000
543,"Kamiti Road, Kamiti, Muthaiga",, 7500000
544,"Loresho, Westlands",Land Area 0 ac, 41000000
545,"Kilimani, Dagoretti North",Land Area 4000 m², 350000000
546,"Ongata Rongai, Kajiado North",Land Area 526 m², 2500000
547,"Diani Beach Road, Diani, Msambweni",Land Area 65 ac,P.O.A
548,"Miotoni, Karen, Langata",Land Area 2024 m², 40000000
549,"Kiambu Road, Kiambu Road",Land Area 3035 m²,P.O.A
550,"Maimahiu Road , Longonot, Naivasha",Land Area 12141 m², 9200000
551,"Kiserian Bypass, Isinya, Kajiado North",, 9000000
552,"Off Masai road, Ngong, Kajiado North",Land Area 5000 ft², 2500000
553,"Kerarapon Road Mwitu Drive, Mwitu, Karen, Langata",Land Area 8 ac, 480000000
554,"Kamangu, Gikambura, Kikuyu",Land Area 500 m², 2300000
555,"VI-Karaba Road, Embu East, Embu East",Land Area 1 ac, 1600000
556,"Kikuyu Town, Kikuyu",Land Area 500 m², 2400000
557,"Nyali Area, Nyali",Land Area 3 ac, 300000000
558,"Konza City Area, Malili, Mombasa Road, Mombasa Road",Land Area 450 m², 600000
559,"Sunshine, Ndovoini, Joska, Kangundo",Land Area 450 m², 400000
560,"One eighth ( 1/8) of an acre, Ongata Rongai - Rangau, Ongata Rongai, Kajiado North",Land Area 500 m², 1000000
561,"Nanyuki, Laikipia East",Land Area 120 ac, 120000000
562,"Nyali Area, Nyali",, 60000000
563,"Narok, Narok",Land Area 36423 m², 60000000
564,"Kikuyu Town, Kikuyu",Land Area 0 ha, 2450000
565,"Syokimau Katani road, Syokimau, Athi River",Land Area 50 ac, 645000000
566,"Thika Road, Thika Road",Land Area 360 m², 14000000
567,"Kikambala, Kilifi South",Land Area 1 ac, 25000000
568,"Syokimau, Athi River",Land Area 500 m², 3000000
569,"Milimani Estate, Kitengela, Kajiado North",Land Area 5000 m², 1000000
570,"New Malindi road, Mombasa CBD, Mombasa CBD",Land Area 4 ac, 148000000
571,"Amboseli Road, Lavington, Lavington, Dagoretti North",Land Area 2914 m², 125000000
572,"vipingo, Kilifi North",, 30000000
573,"Muchai Drive, Ngong Road, Ngong Road",Land Area 2023 m², 275000000
574,"Ngecha-Wangige, Wangige, Kabete",Land Area 14165 m², 80000000
575,"Kinanie, Athi River Area, Athi River",Land Area 450 m², 1400000
576,"Mogotio Road, Westlands, Westlands Area, Westlands",Land Area 0 ac, 190000000
577,"Nyari, Westlands",Land Area 0 ac, 90000000
578,"Mombasa-Kilifi Highway B8, Mnarani, Kilifi North",Land Area 24242 m², 160000000
579,"Runda, Westlands",, 38000000
580,"Land, Riverside, Riverside, Westlands",Land Area 2914 m², 199000000
581,"Mtwapa, Kilifi South",, 8000000
582,"Ngong, Kajiado North",Land Area 5000000 m², 1800000
583,"Kikuyu Nachu, Kikuyu Town, Kikuyu",Land Area 5 ac, 20000000
584,"Kitengela, Kitengela, Kajiado North",, 2500000
585,"Juja, Kiambu Constituency",, 650000
586,"Gikambura, Kikuyu Town, Kikuyu",, 1000000
587,"Bogani, Bogani, Karen, Langata",Land Area 18212 m², 35000000
588,"Kikuyu Town, Kikuyu",Land Area 1000 m², 3500000
589,"Mombasa Road, Mombasa Road",Land Area 20235 m², 175000000
590,"Joska, Kangundo",Land Area 450 m², 1095000
591,"Tigoni, Limuru",Land Area 2 ac, 22000000
592,"Longonot, Naivasha",Land Area 2023 m², 3000000
593,"Tigoni, Limuru",Land Area 2 ac, 26000000
594,"Kilifi, Bofa, Bofa",Building Area 500 ft², 1250000
595,"Meru - Timau Road, the rest of Meru, the rest of Meru",Land Area 121410 m², 42000000
596,"Bamburi, Kisauni",Land Area 4452 m², 40000000
597,"Gikambura, Kikuyu",Land Area 500 m², 3400000
598,"Kamiti Ridge, Kamiti Corner estate, Kiambu Town, Kiambu Town",Land Area 0 ha, 12000000
599,"thindigua highway street, Kiambu Road, Kiambu Road",, 40000000
600,"Nyali Area, Nyali",3, 150000000
601,"Athi River Area, Athi River",Land Area 60705 m², 28000000
602,"Thika Road, Thika Road",, 80000000
603,"Ruiru, Ruiru",Land Area 500 m², 1595000
604,"Athi River Area, Athi River",Land Area 15 ac, 40500000
605,"Thika Gatura Rd, Thika, Thika",, 13000000
606,"Rimpa estate, Ngong, Kajiado North",Land Area 0 ac, 12000000
607,"Syokimau, Athi River",Land Area 20235 m², 36000000
608,"Kilimani, Dagoretti North",, 210000000
609,"Muthangari Gardens, Lavington, Dagoretti North",Land Area 0 ac, 150000000
610,"Kamakis, Ruiru, Ruiru",Land Area 8094 m², 80000000
611,"Karen, Langata",Land Area 2 ac, 260000000
612,"Kikambala, Kilifi South",Land Area 2024 m², 12000000
613,"Katani Road, Utawala, Embakasi",Land Area 486 m², 1900000
614,"Ngara, Ngara, Ngara, Starehe",Land Area 348 m², 49000000
615,"Thigiri, Westlands",Land Area 4047 m², 110000000
616,"Kisumu Central Area, Kisumu Central",Land Area 2428 m², 12000000
617,"Westlands, Rhapta Road, Westlands",Land Area 2064 m², 199000000
618,"Karen, Langata",Land Area 2023 m², 35000000
619,"Thika Greens, Thika Road, Thika Road",Land Area 1012 m², 9500000
620,"Ruaka Road, Runda, Westlands",Land Area 5221 m², 125000000
621,"Siaya, Siaya",Land Area 1619 m², 35000000
622,"Diani Chale road, Diani, Msambweni",Land Area 450 m², 750000
623,"Waiyaki Way, Westlands",Land Area 500 m², 4500000
624,"Red Hill, Red Hill",Land Area 2 ac, 67500000
625,"Juja, Kiambu Constituency",, 650000
626,"Malindi Town, Malindi",Land Area 5000 m², 3000000
627,"Kikuyu Town, Kikuyu",Land Area 500 m², 1600000
628,"Thika East, Thika East",Land Area 33 ac, 1320000000
629,"Gikambura, Kikuyu",, 1000000
630,"Malindi Town, Malindi",Land Area 1 ac, 150000
631,"Runda , Runda Grove, Runda, Westlands",Land Area 4047 m², 110000000
632,"Spring Valley, Westlands",Land Area 0 ac, 120000000
633,"Ruiru, Ruiru",Land Area 4500 ft², 2500000
634,"NACHU, NACHU, Gikambura, Kikuyu",, 700000
635,"Kiambu, Ting'ang'a, Kiambaa",Land Area 1 ac, 32000000
636,"Tigoni, Limuru",Land Area 0 ac, 9500000
637,"Mlolongo, Athi River",Land Area 20235 m², 60000000
638,"Ruiru, Ruiru",, 9500000
639,"One eighth ( 1/8) of an acre, Ngong - Kerarapon, Ngong, Kajiado North",, 6000000
640,"4th Rise, Kerarapon drive, Ngong, Kajiado North",Land Area 0 ha, 13000000
641,"Kisaju, Kajiado Central",Land Area 4047 m², 800000
642,"Karen, Langata",Land Area 2023 m², 31000000
643,"Kisaju, Kajiado Central",Land Area 0 ac, 2500000
644,"Kajiado Town, Kajiado Central",Land Area 4047 m², 650000
645,"Kinanie, Athi River Area, Athi River",Land Area 50000 m², 450000
646,"Shanzu, Kisauni",, 22000000
647,"Valley Arcade, Dagoretti North",Land Area 4047 m², 400000000
648,"Kikuyu Town, Kikuyu",Land Area 500 m², 2300000
649,"Thogoto-Mutarakwa Road, Plainsview, Gikambura, Kikuyu",Land Area 500 m², 3500000
650,"Kikuyu Town, Kikuyu",Land Area 700 m², 4200000
651,"Mai Mahiu, Naivasha",, 500000
652,"Matuu, the rest of Machakos, the rest of Machakos",, 299000
653,"Kinoo, Kabete",Land Area 500 m², 9000000
654,"Sabaki, Mlolongo, Athi River",Land Area 450 m², 3250000
655,"Lusigetti, Kikuyu Town, Kikuyu",, 2350000
656,"Kilgoris Road, Narok, Narok",, 1800000
657,"Marula Lane, Karen, Langata",, 65000000
658,"Vipingo Beach, Marijani Vipingo Beach, vipingo, Kilifi North",Land Area 450 m², 1950000
659,"Ruaka - Banana Rd, Ruaka, Kiambaa",Land Area 420 m², 4000000
660,"Riara Ridge, Limuru Area, Limuru",Land Area 141645 m², 350000000
661,"Fedha, Embakasi",Land Area 8094 m², 25000000
662,"Nyari, Westlands",, 240000000
663,"Ngong, Kajiado North",Land Area 500 m², 2500000
664,"Mtwapa, Kilifi South",, 5000000
665,"Uplands, Nyambari, Limuru Area, Limuru",Land Area 500 m², 750000
666,"Kikuyu Town, Kikuyu",Land Area 500 m², 2300000
667,"Beach Front ,Ukunda, Ukunda, Ukunda",Land Area 0 ac, 2000000
668,"Thika, Thika",, 2700000
669,"vipingo, Kilifi North",Land Area 202350 m², 12000000
670,"Kantafu - Kangundo Road, Koma Rock, Kangundo",Land Area 506 m², 1200000
671,"Kieni, Kieni",, 15000000
672,"Kiratina, Ruiru, Ruiru",Land Area 420 m², 1250000
673,"Ruiru, Ruiru",Land Area 0 ac, 12000000
674,"Kikuyu Town, Kikuyu",Land Area 1000 m², 4500000
675,"Kitengela, Kajiado North",Land Area 506 m², 2000000
676,"Kikuyu Town, Kikuyu",Land Area 500 m², 2400000
677,"Rosslyn Lone Tree, Rosslyn, Westlands",Land Area 2023 m², 53000000
678,"Namanga, Kajiado South",Land Area 30 ac, 35000000
679,"Ngong – Kibiko, Ngong, Kajiado North",Land Area 486 m², 2200000
680,"Thika, Thika",, 4800000
681,"Ukunda, Ukunda",Land Area 0 ac, 2000000
682,"Ganda, Malindi",Land Area 70 ac, 70000000
683,"Muhuri Road, Waithaka, Dagoretti South",, 35000000
684,"Diani, Diani, Msambweni",Land Area 400 m², 1050000
685,"Kiserian, Kajiado North",Land Area 400 m²,P.O.A
686,"General Mathenge, Westlands",Land Area 1 m², 500000000
687,"Muthaiga North, North Muthaiga, Muthaiga",Land Area 1821 m², 45000000
688,"Sillicon Valley, Ruiru, Ruiru",Land Area 0 ac, 2500000
689,"Old Namanga Road, Kitengela, Kajiado North",Land Area 32374 m², 64000000
690,"Riat Hills, Kisumu Central",Land Area 0 ac, 800000
691,"Muchatha, Kiambaa Area, Kiambaa",Land Area 0 ac, 6500000
692,"Njabini- Nyahururu road, Kinangop, Kinangop",Land Area 2 ha, 1000000
693,"Kiu Kenda Estate, Kiambu Town, Kiambu Town",Land Area 2023 m², 12000000
694,"ruiru, Ruiru, Ruiru",Land Area 500 m², 4500000
695,"Eldoret North, Eldoret North",Land Area 4047 m², 40000000
696,"Kilifi, Kilifi North",, 5000000
697,"Nyali Area, Nyali",, 1850000
698,"Maiyan, Maiyan, Nanyuki, Laikipia East",Land Area 1011 m², 5000000
699,"Karen, Langata",Land Area 26306 m², 400000000
700,"Kitengela, Kajiado North",Land Area 465 m², 1600000
701,"Juja, Kiambu Constituency",, 550000
702,"Kiambu, Ting'ang'a, Kiambaa",Land Area 500 m², 5500000
703,"Kiambu Road, Kiambu Road",Land Area 0 ac, 75000000
704,"Migumoini, Gikambura, Kikuyu",Land Area 500 m², 2300000
705,"Konza, Machakos Town, Machakos Town",Land Area 10 ac, 35000000
706,"Kitengela, Kajiado North",Land Area 3238 m², 10500000
707,"Kigwaru, Runda, Westlands",, 40000000
708,"Ngong, Kajiado North",Land Area 0 ha, 5800000
709,"Kiamumbi, Kamiti, Kiambaa",Land Area 1012 m², 12000000
710,"Eldoret North, Eldoret North",Land Area 4047 m², 18000000
711,"Eastern Bypass Rd, Embakasi Estate, Embakasi",Land Area 18212 m², 202500000
712,"Ongata Rongai, Kajiado North",Land Area 2000 m², 12000000
713,"Thika road, Ruiru, Ruiru",Land Area 0 ac, 11000000
714,"Kinanda Road, Kitisuru, Westlands",Land Area 4047 m², 100000000
715,"Naivasha Town, Naivasha",,P.O.A
716,"Nyali Area, Nyali",, 160000000
717,"Msambweni, Diani, Msambweni",Land Area 18212 m², 67500000
718,"Dagorreti road, Gikambura, Kikuyu",, 1000000
719,"Nyali Area, Nyali",, 15000000
720,"Gikambura, Kikuyu",Land Area 500 m², 4500000
721,"Kikambala, Kilifi South",, 15000000
722,"Kitengela, Kajiado North",Land Area 5000 ft², 299000
723,"Kikuyu Town, Kikuyu",Land Area 874 m², 3650000
724,"Kisumu Central Area, Kisumu Central",Land Area 1348 m², 15000000
725,"muranga county, gatanga muranga, Gatanga, Gatanga",Land Area 100 ac, 1300000000
726,"Port Reitz Road, Mombasa CBD, Mombasa CBD",Warehouse Space 3 ha, 783470000
727,"Kikuyu Town, Kikuyu",Land Area 500 m², 5500000
728,"Kikuyu Town, Kikuyu",Land Area 4000 m², 16000000
729,"Runda, Runda, Westlands",Land Area 2024 m², 23500000
730,"Katani, Athi River",Land Area 1200 m², 550000
731,"lukenya, Athi River",Land Area 2024 m², 10000000
732,"Ruaka, Kiambaa",Land Area 0 ac, 6500000
733,"Ruiru, Murera, Mugutha, Ruiru, Ruiru",Land Area 1012 m², 7000000
734,"Kikuyu Town, Kikuyu",Land Area 500 m², 2400000
735,"Mtwapa, Kilifi South",, 4500000
736,"Mountain View, Westlands",Land Area 1012 m², 40000000
737,"Kilimani, Dagoretti North",Land Area 2000 m², 190000000
738,"Lumumba Drive, Roysambu Area, Roysambu",Land Area 3200 ft², 14000000
739,"Mihang'o, Embakasi",, 4400000
740,"Day Star, Athi River",Land Area 42492 m², 367500000
741,"Isinya, Isinya town, Isinya, Kajiado North",, 220000000
742,"xx, Karen, Langata",Land Area 1 ac, 49000000
743,"Nyali Area, Nyali",, 70000001
744,"Kikuyu Town, Kikuyu",Land Area 500 m², 4500000
745,"Rimpa, Rimpa, Ongata Rongai, Kajiado North",Land Area 100 m², 5500000
746,"Kilimani, Dagoretti North",Land Area 3035 m², 280000000
747,"Touching Juja Road, Pangani, Pangani, Starehe",Land Area 0 ac, 80000000
748,"Syokimau, Athi River",Land Area 50 m², 700000
749,"Upper Hill, Langata",Office Space 0 ha, 1000000000
750,"Karambani, Limuru",Land Area 4047 m², 40000000
751,"Waiyaki Way, Westlands",Land Area 1012 m², 15000000
752,"Mwea, Mwea",Land Area 5000 m², 600000
753,"Isinya, Kajiado North",Land Area 506 m², 1500000
754,"Rhino Park Road, Karen, Langata",Land Area 1 ac, 75000000
755,"Muteero, Karen, Langata",Land Area 1 ac, 55000000
756,"Behind kobil petrol station, Kisaju, Kajiado Central",Land Area 1 ac, 7000000
757,"Murera, Ruiru, Ruiru",Land Area 450 m², 2200000
758,"Galu Area, Diani, Msambweni",Land Area 0 ac, 750000
759,"Nyali Area, Nyali",, 57000000
760,"Gikambura, Kikuyu",Land Area 0 ha, 2500000
761,"Juja, Kiambu Constituency",, 550000
762,"Kitengela, Kajiado North",Land Area 506 m², 1500000
763,"Off Musa Gitau, Lavington, Dagoretti North",Land Area 3278 m², 110000000
764,"vipingo, vipingo, Kilifi, Kilifi North",Land Area 1 ac, 18000000
765,"Ruiru Murera rd, Ruiru, Ruiru",Land Area 0 ha, 6800000
766,"Kileleshwa, Dagoretti North",Land Area 4047 m², 300000000
767,"Malindi Town, Malindi",, 550000
768,"A109, Mombasa Road, Mombasa Road, Mombasa Road",Land Area 2 ac, 50000000
769,"Msabaha, Malindi Town, Malindi",Building Area 0 ha, 730000
770,"Kariobangi south, Mutarakwa road, Embakasi West, Embakasi",Land Area 0 ac, 4000000
771,"Nyali Area, Nyali",, 10000000
772,"Musa Gitau, Gikambura, Kikuyu",Land Area 2000 m², 12500000
773,"Kimalat, Kitengela, Kajiado North",Land Area 4047 m², 1500000
774,"Lavington, Dagoretti North",Land Area 2833 m², 150000000
775,"Kisumu, Ogango kibos road, the rest of Kisumu, the rest of Kisumu",Land Area 0 ac, 4500000
776,"Off Ndorobo Road, Karen, Langata",Land Area 1 ac, 50000000
777,"Ongata Rongai, Kajiado North",Land Area 0 ha, 2500000
778,"Gilgil, Gilgil",Land Area 500 m², 250000
779,"Kilimani, Dagoretti North",Land Area 1093 m², 140000000
780,"Acre 5, Sigona Green Gated Estate, Rironi, Limuru",Land Area 0 ha, 13500000
781,"Kikuyu Town, Kikuyu",Land Area 0 ha, 4400000
782,"Kamiti Ridge, Kamiti, Muthaiga",, 36000000
783,"Solai, Bahati, the rest of Rongai, Rongai",Land Area 500 m², 200000
784,"Acacia road, Kitengela, Kajiado North",Land Area 506 m², 650000
785,"Nyali Area, Nyali",, 4700000
786,"Mayungu, Malindi Town, Malindi",Land Area 8094 m², 7000000
787,"Karen, Langata",Land Area 5 ac, 275000000
788,"Nanyuki, Laikipia East",Land Area 19425 m², 14400000
789,"Ndeiya, Limuru",Land Area 5 ac, 3200000
790,"Ruiru, Ruiru",Land Area 508 m², 7500000
791,"Langata Area, Langata",Land Area 251 m², 8500000
792,"Kikuyu Town, Kikuyu",Land Area 500 m², 19500000
793,"Kikopey town, Naivasha, Naivasha Town, Naivasha",, 500000
794,"Kitengela, Kajiado North",Land Area 20235 m², 60000000
795,"Ruiru, Ruiru",Land Area 250 m², 1200000
796,"Ongata Rongai, Kajiado North",Land Area 0 ha, 13500000
797,"Runda, Westlands",Land Area 2023 m², 42000000
798,"Eldoret South, Eldoret South",Land Area 1012 m², 612000
799,"Off Kiambu Road, Ridgeways, Ridgeways",Land Area 1740 m², 75000000
800,"Diani, Diani, Msambweni",Land Area 4047 m², 10000000
801,"Kikuyu Town, Kikuyu",Land Area 500 m², 2650000
802,"Kikuyu Town, Kikuyu",Land Area 250 m², 3000000
803,"Lavington, Dagoretti North",Land Area 1012 m², 28000000
804,"General Mathenge, Westlands",Land Area 0 ac, 239000000
805,"Serena Road, Shanzu, Kisauni",Land Area 1012 m², 9000000
806,"Kamangu/nachu., Kikuyu Town, Kikuyu",Land Area 0 ha, 850000
807,"Eastern Bypass, Utawala, Embakasi",Land Area 43560 ft², 72000000
808,"Ruiru, Ruiru, Ruiru",Building Area 1011 m², 15800000
809,"gikambura, gikambura, Gikambura, Kikuyu",Land Area 0 ac, 5500000
810,"Ngong Road, Kilimani, Dagoretti North",Land Area 8013 m², 793000000
811,"Joska, Kangundo",Building Area 450 m², 610000
812,"Mutungoni Road, Athi River Area, Athi River",Land Area 20 ac, 300000000
813,"Ngong, Kajiado North",Land Area 0 ha, 15000000
814,"Industrial Area, Embakasi",Land Area 10359 m², 100000000
815,"Rironi, Limuru",Land Area 1000 m², 13500000
816,"Gikambura, Kikuyu",Land Area 2000 m², 9000000
817,"Thigiri, Westlands",, 120000000
818,"Ruiru, Ruiru",Land Area 5000 ft², 1500000
819,"Mombasa CBD, Mombasa CBD",Building Area 500 ft², 350000
820,"Isinya, Kajiado North",Land Area 8 ac, 20000000
821,"Karen, Karen, Langata",Land Area 2023 m², 35000000
822,"the rest of Naivasha, Naivasha",Land Area 20235 m², 4100000
823,"2, Kitsuru Road, Spring Valley, Westlands",Land Area 64752 m², 100000000
824,"Red Hill, Red Hill, Red Hill",Land Area 12141 m², 150000000
825,"Lavington, Dagoretti North",, 200000000
826,"Mombasa Island, Old Town, Mombasa CBD, Mombasa CBD",Land Area 1012 m², 18000000
827,"Mwalimu farm, Ruiru, Ruiru",Land Area 0 ac, 600000
828,"Kisumu Central Area, Kisumu Central",Land Area 2792 m²,P.O.A
829,"Kitengela, Kajiado North",, 700000
830,"Masai Mara, Narok, Narok",Land Area 424935 m², 210000000
831,"General Mathenge, Westlands",Land Area 1011 m², 120000000
832,"Nanyuki, Laikipia East",Land Area 21044 m², 75000000
833,"Kahawa West, Roysambu",, 2500000
834,"Ngong, Kajiado North",Land Area 1000 m², 6000000
835,"Runda, Westlands",, 120000000
836,"Membley, Ruiru, Ruiru",Land Area 0 ac, 16000000
837,"Mukoma Road, Karen, Langata",Land Area 77298 m², 859500000
838,"Kikuyu Town, Kikuyu",Land Area 0 ha, 4600000
839,"Naivasha Road, Riruta, Dagoretti South",Land Area 0 ac, 50000000
840,"Kibiku, Ngong, Kajiado North",Land Area 0 ha, 4300000
841,"Tezo, Malindi Town, Malindi",Building Area 500 ft², 380000
842,"Kikuyu Town, Kikuyu",Land Area 0 ha, 6500000
843,"Kileleshwa, Dagoretti North",Land Area 0 ac, 145000000
844,"Migumoini, Kikuyu Town, Kikuyu",Land Area 500 m², 1950000
845,"Old Muthaiga, Muthaiga",Land Area 4000 m², 195000000
846,"Mtwapa, Kilifi South",, 60000000
847,"James Gichuru, Lavington, Dagoretti North",Land Area 0 ac, 350000000
848,"Karen, Langata",Land Area 11332 m², 300000000
849,"Kahawa West, Roysambu",, 1600000
850,"Ol Keri, Ngong, Kajiado North",Land Area 2000 m², 8800000
851,"Ruiru, Ruiru",Land Area 240 m², 800000
852,"Namanga road, Mlolongo, Athi River",Land Area 82 ac, 6000000
853,"Ruiru, Ruiru",Land Area 400 m², 1050000
854,"Tuala, Ongata Rongai, Kajiado North",Land Area 1012 m², 2500000
855,"VI, Karaba road, Embu East, Embu East",Land Area 0 ac, 750000
856,"Karen Plains Road, Karen, Langata",Land Area 2024 m², 28000000
857,"Karen, Langata",Land Area 1 ac, 61000000
858,"Runda, Westlands",, 42000000
859,"Pan African Insurance Avenue, Runda, Westlands",, 55000000
860,"Matuu, Yatta, Yatta",, 349000
861,"Nyali road, Nyali road, Mkomani, Nyali",, 180000000
862,"Watamu, Kilifi North",Land Area 13355 m², 35000000
863,"Saunders Close, Kitisuru, Westlands",, 32000000
864,"Kikuyu Town, Kikuyu",Land Area 1000 m², 9500000
865,"Kilimani, Dagoretti North",Land Area 3200 m², 250000000
866,"Kikuyu Town, Kikuyu",Land Area 0 ha, 5000000
867,"Kiambu Road, Kiambu Road",, 32000000
868,"Kinanda Road, Kitisuru, Westlands",Land Area 2024 m², 45000000
869,"Industrial Area, Embakasi",Land Area 0 ac, 40000000
870,"Korompoi, Kitengela , Kitengela, Kajiado North",Land Area 1012 m², 3000000
871,"KWA TOM, Ruiru, Ruiru",, 1100000
872,"Kikuyu Town, Kikuyu",Land Area 0 ha, 3500000
873,"Enka gardens Konza, Isinya, Kajiado North",, 650000
874,"Ngong, Kajiado North",Land Area 0 ha, 5500000
875,"Chambers Road, Ngara, Starehe",Land Area 1336 m², 130000000
876,"Malindi Town, Malindi",Land Area 500 m², 1450000
877,"kikambala, Kikambala, Kilifi South",Land Area 43560 ft², 17000000
878,"Isinya Pipeline Road, Isinya, Kajiado North",Land Area 0 ac, 29000000
879,"Komarock Road, Nairobi South, Starehe",, 784000000
880,"Kikuyu Town, Kikuyu",Land Area 1000 m², 8500000
881,"Gikambura, Kikuyu",Land Area 500 m², 2500000
882,"Green Valley Estate, Ruiru, Ruiru",Land Area 0 ac, 3000000
883,"Shanzu, Kisauni",, 400000000
884,"Kisaju, Kisaju, Kajiado Central",Land Area 7 ac, 30000000
885,"AIRSTRIP, Nanyuki, Laikipia East",Land Area 420 m², 375000
886,"mushrooms, Kiambu Road, Kiambu Road",Land Area 2000 m², 23000000
887,"kikambala, Kikambala, Kilifi South",Land Area 20 ac, 300000000
888,"MALILI, KONZA, Machakos Town, Machakos Town",Land Area 28329 m², 3000000
889,"Kiambu Road, Kiambu Road",Land Area 2024 m², 25000000
890,"Diani, Msambweni",, 15000000
891,"Mwea, Mwea",Land Area 5000 m², 600000
892,"Kirawa road, New Kitusuru, Westlands",, 25000000
893,"Kikuyu Town, Kikuyu",Land Area 1000 m², 14000000
894,"Industrial Area, Embakasi",Land Area 12141 m², 120000000
895,"Notre Dame Link Road, Syokimau, Athi River",Land Area 1012 m², 8000000
896,"Karen, Langata",Land Area 4047 m², 47000000
897,"Ting'ang'a, Ting'ang'a, Kiambaa",Land Area 5000 ft², 2700000
898,"Kitengela, Kitengela, Kajiado North",Land Area 882246 m², 436000000
899,"Kabarnet Road, Ngong Road, Ngong Road",Land Area 1012 m², 160000000
900,"General Mathenge, General Mathenge, Westlands",, 220000000
901,"Rhapta Road, Rhapta Road, Westlands",Land Area 7689 m², 580000000
902,"Joska, Kangundo",Land Area 450 m², 745000
903,"Githunguri, Githunguri",Land Area 89034 m², 308000000
904,"Malindi Town, Malindi",Land Area 506 m², 500000
905,"Juja, Kiambu Constituency",Land Area 80940 m², 360000000
906,"Kamulu, Kangundo",Land Area 450 m², 1300000
907,"Nazareth Riara Road, Tigoni, Limuru",Land Area 2023 m², 10000000
908,"Kerarapon drive, 1st drive, Ngong, Kajiado North",Land Area 0 ha, 13000000
909,"Nyali Area, Nyali",Land Area 2 ac, 300000000
910,"Magadi road, Karen, Langata",Land Area 6 ac, 300000000
911,"Thome, Roysambu",, 29000000
912,"Changamwe, Changamwe",Land Area 39256 m², 785000000
913,"Magarini, Magarini",Land Area 12 ha, 100000
914,"Mangu road, Thika, Thika",Land Area 0 ha, 2600000
915,"Runda, Westlands",Land Area 4856 m², 120000000
916,"Ongata Rongai, Kajiado North",Land Area 500 m², 4000000
917,"Nkoroi, Ongata Rongai, Kajiado North",Land Area 447 m², 3500000
918,"Ongata Rongai, Kajiado North",, 1200000
919,"Riara Ridge, Tigoni, Limuru",, 12000000
920,"Syokimau, Athi River",Land Area 1000 m², 3200000
921,"Gikambura, Kikuyu",Land Area 500 m², 2200000
922,"Estern Bypass Land, Ruai, Kasarani",Land Area 4 ha, 50000000
923,"Imara Daima, Embakasi",Land Area 506 m², 20000000
924,"Windy Ridge, Karen, Karen, Langata",Land Area 0 ac, 35000000
925,"Ruai, Kasarani",Land Area 4047 m², 25000000
926,"Utawala, Embakasi",Land Area 32376 m², 16000000
927,"Kileleshwa, Dagoretti North",Land Area 2000 m², 140000000
928,"Mariakani, Kaloleni, Kaloleni",Land Area 11 ac, 88000000
929,"Kamulu, Kamulu, Kangundo",Building Area 0 ha, 850000
930,"Ruaka, Kiambaa",Land Area 0 ac, 15000000
931,"Kitengela, Kajiado North",Land Area 1012 m², 9000000
932,"Nanyuki, Nanyuki, Laikipia East",Land Area 3238 m², 250000
933,"Kilimani, Dagoretti North",Land Area 1618 m², 110000000
934,"Utawala, Embakasi",Land Area 297 m², 2000000
935,"Kitengela, Kajiado North",, 8000000
936,"Kerarapon Drive, Ngong, Kajiado North",Land Area 1000 m², 9500000
937,"Nanyuki, Laikipia East",Land Area 84987 m², 31500000
938,"Thigiri, Westlands",Land Area 5058 m², 250000000
939,"Old Namanga Road, Kitengela, Kajiado North",, 1300000
940,"Sagana, Sagana getaway resort street, Kirinyaga Central, Kirinyaga Central",, 550000
941,"Juja, Kiambu Constituency",Land Area 0 ac, 3500000
942,"Kinoo, Waiyaki way, Kinoo, Kabete",Land Area 100 m², 15000000
943,"Marurui, Thome, Roysambu",, 30000000
944,"Ruiru, Ruiru",Land Area 450 m², 2395000
945,"Thigiri, Westlands",, 70000000
946,"Malindi Town, Malindi",Land Area 4046 m², 150000
947,"Kitengela, Kajiado North",Land Area 44515 m², 38500000
948,"Lower Plains Road, Karen, Langata",Land Area 3497 m², 48000000
949,"Ol Joro Orok, Ol Joro Orok",Land Area 2 ac, 3500000
950,"Lukenya, lukenya, Athi River",Land Area 4 ac, 136000000
951,"Kilimani, Dagoretti North",Land Area 1578 m², 85000000
952,"Ngong, Kajiado North",Land Area 1012 m², 5500000
953,"Juja, Kiambu Constituency",, 750000
954,"Kisumu Central Area, Kisumu Central",Land Area 6071 m², 5000000
955,"Ruiru, Ruiru",Land Area 1012 m², 5500000
956,"Ruiru, Ruiru",Land Area 18211 m², 270000000
957,"Mwenda-Andu, Kinangop, Kinangop",Land Area 2 ac, 6200000
958,"Nanyuki, Laikipia East",Land Area 450 m², 350000
959,"Thindigua, Thindigua",Land Area 0 ac, 65000000
960,"Riara Ridge, Tigoni, Limuru",, 14500000
961,"Kamangu, Kikuyu Town, Kikuyu",, 1000000
962,"One Eighth (1/8), Rangau, Ongata Rongai, Kajiado North",, 1000000
963,"Naivasha Town, Naivasha",Land Area 25 ac, 75000000
964,"Kentmere, Tigoni, Limuru",, 35000000
965,"Nyali Area, Nyali",Land Area 5 ac, 170000000
966,"Ruaka, Kiambaa",Land Area 7200 ft², 24000000
967,"Vipingo Beach, Marijani Vipingo Beach, vipingo, Kilifi North",Land Area 1270 m², 5500000
968,"Mtondia, Kilifi, Kilifi North",, 1900000
969,"Shanzu, Kisauni",, 15000000
970,"Moi South Lake Road, Longonot, Naivasha",Land Area 4047 m², 12500000
971,"Red Hill, Limuru Area, Limuru",Land Area 10117 m², 80000000
972,"Ngong, Kajiado North",Land Area 500 m², 2000000
973,"Kirinyaga Central, Kirinyaga Central",, 550000
974,"Syokimau, Athi River",Land Area 506 m², 4000000
975,"Joska, Kangundo",Land Area 0 ac, 400000
976,"Kitisuru, Westlands",Land Area 1012 m², 17000000
977,"Shanzu, Kisauni",Land Area 1012 m², 15000000
978,"Bofa Rd, Tezo, Kilifi North",Building Area 0 ha, 1250000
979,"Ruiru, Ruiru",Land Area 500 m², 2595000
980,"Falcon rd, Industrial Area, Embakasi",Land Area 1 ac, 120000000
981,"Thika, Thika",Land Area 4047 m², 25000000
982,"Ruiru, Ruiru",Land Area 240 m², 1200000
983,"Lake Elementaita, Gilgil, Gilgil",Land Area 10 ac, 55000000
984,"Katani Road, Syokimau, Athi River",Land Area 0 ha, 6500000
985,"01, Makoyeti, Karen, Langata",, 30000000
986,"Green valley, Ruiru, Ruiru",Land Area 0 ac, 3500000
987,"Tigoni, Limuru",, 35000000
988,"Kikuyu Town, Kikuyu",Land Area 0 ha, 1800000
989,"Ongata Rongai, Kajiado North",Land Area 0 ha, 1200000
990,"Kabaserian Avenue, Lavington, Dagoretti North",Land Area 2671 m², 125000000
991,"Runda, Westlands",Land Area 0 ac, 22000000
992,"Crescent Road, Parklands, Westlands",Land Area 1 m², 220000000
993,"Lonetree, Rosslyn, Westlands",, 55000000
994,"Bofa, Bofa",Land Area 8094 m², 18000000
995,"Runda, Westlands",Land Area 2023 m², 36000000
996,"Kikuyu Town, Kikuyu",Land Area 1000 m², 4400000
997,"Maasai Lodge Road, Maasai Lodge Road, Ongata Rongai, Kajiado North",Land Area 10000 m², 15000000
998,"Lavington, Dagoretti North",Land Area 0 ac, 100000000
999,"Kamakis, Ruiru, Ruiru",Land Area 2023 m², 30000000
1000,"Wingspan, Ruiru, Ruiru",Land Area 4000 ft², 1150000
1001,"Thika Road, Thika Road",Land Area 28329 m², 150000000
1002,"Juja farm, Juja, Kiambu Constituency",Land Area 4 ha, 630000
1003,"Kiambu Town, Kiambu Town",, 27000000
1004,"PI, KARABA, WAKALYIA, WANGO,RIAKANAU, Mwea, Mwea",Land Area 1 ac, 850000
1005,"Membley, Ruiru, Ruiru",, 5500000
1006,"gikambura, gikambura, Gikambura, Kikuyu",Land Area 5000 ft², 3100000
1007,"Machakos Town, Machakos Town",, 10000000
1008,"Ongata Rongai, Kajiado North",Land Area 500 m², 3500000
1009,"Marua-Nanyuki Road, Kieni, Kieni",Land Area 8093 m², 2000000
1010,"Sergoit lane, Nairobi, Old Muthaiga, Muthaiga",Land Area 1 ac, 400000000
1011,"Ngong, Kajiado North",Land Area 500 m², 2700000
1012,"Ngong, Kajiado North",Land Area 1000 m², 15000000
1013,"Singete, Mlimani, Kitengela, Kajiado North",Building Area 0 ha, 2800000
1014,"lukenya, Athi River",Land Area 465 m², 470000
1015,"Ongata Rongai, Kajiado North",Land Area 0 ha, 4000000
1016,"the rest of Kajiado Central, Kajiado Central",Land Area 500 m², 560000
1017,"Near Karen Hospital, Karen, Langata",Land Area 4047 m², 55000000
1018,"Karen, Karen, Langata",Land Area 4047 m², 60000000
1019,"Kikuyu Town, Kikuyu",Land Area 500 m², 2400000
1020,"Lonetree, Rosslyn, Westlands",, 115000000
1021,"vipingo, Kilifi North",, 27000000
1022,"Ngong, Kajiado North",Land Area 2024 m², 7500000
1023,"Kirawa Road, New Kitusuru, Westlands",Land Area 40470 m², 85000000
1024,"Kitengela, Kajiado North",, 500000
1025,"KIAMBU - LIMURU ROAD, Cianda, Kiambaa",Land Area 10 ac, 12000000
1026,"Kangungo Rd - Kipawa Area, Utawala, Embakasi",Land Area 506 m², 2000000
1027,"Syokimau, Athi River",Land Area 450 m², 2400000
1028,"Kahawa Sukari Avenue, Kahawa Sukari, Roysambu",, 30000000
1029,"Ruiru, Ruiru",Land Area 1012 m², 13500000
1030,"Kitengela, Kajiado North",Land Area 0 ac, 3900000
1031,"Kitengela, Kajiado North",Land Area 50 m², 500000
1032,"0.5 Acre Plot, Loresho, Westlands",Land Area 0 ac, 38000000
1033,"Kiganjo Rd -Kimbo , Ruiru, Ruiru",Land Area 1012 m², 7000000
1034,"Viken Thirty Industrial Park Access Road., Ruai, Kasarani",Land Area 3200 ft², 2800000
1035,"409, Midpoint, Joska, Kangundo",Building Area 5000 ft², 850000
1036,"Mvuli Road, Westlands Area, Westlands",Land Area 3157 m², 320000000
1037,"Mugutha, Ruiru, Ruiru",, 7500000
1038,"Thindigua, Thindigua",, 70000000
1039,"Mai Mahiu, Naivasha",Land Area 500 m², 650000
1040,"Magadi Road, Ongata Rongai, Kajiado North",Land Area 0 ha, 32000000
1041,"Lavington, Dagoretti North",Land Area 3238 m², 160000000
1042,"lukenya, Athi River",Land Area 450 m², 450000
1043,"Kitengela, Kajiado North",, 2500000
1044,"VI, VI-Karaba road, Mwea, Mwea",, 350000
1045,"Ruiru, Ruiru",, 12500000
1046,"Kikuyu Town, Kikuyu",Land Area 0 ha, 1750000
1047,"Rironi, Rironi, Limuru",Land Area 5 ac, 40000000
1048,"Kikuyu Town, Kikuyu",Land Area 500 m², 5500000
1049,"Lavington, Dagoretti North",Land Area 4047 m², 180000000
1050,"Ongata Rongai, Kajiado North",Land Area 53 m², 2000000
1051,"Argwings Kodhek, Hurlingham, Kilimani, Dagoretti North",Land Area 0 ac, 310000000
1052,"Tala Road, Runda, Nairobi, Runda, Westlands",Land Area 3035 m², 70000000
1053,"lukenya, Athi River",Land Area 400 m², 450000
1054,"Limuru girls road, Tigoni, Limuru",Land Area 32374 m², 104000000
1055,"Saikeri, Ngong, Kajiado North",Land Area 1 ac, 800000
1056,"Kikuyu Town, Kikuyu",Land Area 1000 m², 5800000
1057,"Nyali Area, Nyali",Land Area 506 m², 15000000
1058,"mtwapa, Mtwapa, Kilifi South",Land Area 2023 m², 8500000
1059,"Eastern Bypass, Ruiru, Ruiru",, 45000000
1060,"Ngong, Kajiado North",Land Area 1012 m², 10000000
1061,"Ngong, Kajiado North",, 10000000
1062,"Nyali Area, Nyali",, 24000000
1063,"Mombasa CBD, Mombasa CBD",, 13000000
1064,"the rest of Laikipia, the rest of Laikipia",Land Area 12000 ac, 3000000000
1065,"1/8 Acre, Ongata Rongai - Acacia, Ongata Rongai, Kajiado North",, 2000000
1066,"Ruiru, Ruiru",Land Area 372 m², 3000000
1067,"Bamboo Estate, Ruiru, Ruiru",, 25000000
1068,"Kikuyu Town, Kikuyu",Land Area 500 m², 1700000
1069,"mtwapa, Mtwapa, Kilifi South",Land Area 40000 ft², 18000000
1070,"lukenya, Athi River",Land Area 400 m², 470000
1071,"Katani, Katani, Athi River",Land Area 5 ac, 60000000
1072,"Eldoret North, Eldoret North",Land Area 101171 m², 10000000
1073,"Runda, Runda, Westlands",Land Area 2024 m², 62000000
1074,"Nanyuki, Laikipia East",, 180000
1075,"Kiroe Chunga Mali Rd, Rironi, Limuru",Land Area 5 ac, 40000000
1076,"Kitengela, Mavoko, Mavoko",Land Area 5 ac, 11000000
1077,"Mtwapa, Kilifi South",, 1800000
1078,"Kitengela, Kajiado North",Land Area 1012 m², 3200000
1079,"Convent Drive, Lavington, Dagoretti North",Land Area 1 ac, 200000000
1080,"0900, Kikuyu , Gikambura, Kikuyu",Land Area 500 m², 2400000
1081,"Karen, Langata",Land Area 8094 m², 65000000
1082,"Gikambura, Kikuyu",Land Area 0 ha, 3700000
1083,"Ololua Ridge, Karen, Langata",Land Area 20235 m², 350000000
1084,"Ngong, Kajiado North",Land Area 0 ha, 6500000
1085,"Karen, Langata",, 33000000
1086,"Malindi Town, Malindi",, 260000
1087,"Ha. Thiru, Gikambura, Kikuyu",Land Area 500 m², 2800000
1088,"1, Off Mandera Road, Kileleshwa, Dagoretti North",Land Area 4046 m², 300000000
1089,"Muthaiga North, North Muthaiga, Muthaiga",Land Area 2024 m², 50000000
1090,"Loresho, Westlands",Land Area 8000 m², 180000000
1091,"DAGORRETTI MUTARAKWA TARMAC, Gikambura, Kikuyu",, 600000
1092,"Nairobi/ Mombasa Highway, Athi River Area, Athi River",Land Area 8256 m², 30000000
1093,"Kiserian, Kajiado North",Land Area 16188 m², 14000000
1094,"Isinya, Kajiado North",Land Area 506 m², 450000
1095,"Westlands Area, Westlands",Land Area 6475 m²,P.O.A
1096,"Kamakis, Along The Eastern Bypass, Ruiru, Ruiru",Land Area 4500 m², 7500000
1097,"Red Hill, Red Hill",Land Area 93081 m², 690000000
1098,"Gitanga Road, Kawangware, Dagoretti North",Land Area 9 m², 27000000
1099,"Wangige, Wangige, Kabete",Land Area 0 ac, 15000000
1100,"Nairobi Ndogo, Gikambura, Kikuyu",Land Area 500 m², 4400000
1101,"langata, Langata Area, Langata",, 110000000
1102,"Argwings Kodhek Road, Kilimani, Dagoretti North",Land Area 16188 m², 1720000000
1103,"Gikambura, Kikuyu",Land Area 500 m², 3500000
1104,"Kikuyu Town, Kikuyu",Land Area 4047 m², 20000000
1105,"Tiwi, Ukunda, Ukunda",Land Area 0 ac, 2000000
1106,"Thika Greens, Thika, Thika",Land Area 0 ac, 3000000
1107,"Kitengela, Kajiado North",Land Area 1012 m², 8000000
1108,"Nanyuki, Laikipia East",Land Area 10 ac, 14000000
1109,"Kikuyu Town, Kikuyu",Land Area 4000 m², 20000000
1110,"Tatu City, Kiambu Town, Kiambu Town",, 16000000
1111,"Mariakani Kadzondzo, Sokoni, Kilifi North",Building Area 0 ha, 399000
1112,"Limuru Area, Limuru",Land Area 6000 m², 28000000
1113,"Lavington, Dagoretti North",Land Area 3200 m², 250000000
1114,"Karen, Langata",Land Area 25 ac, 1125000000
1115,"Mombasa Road, Mombasa Road",Land Area 506 m², 6800000
1116,"Karen, Langata",Land Area 2023 m², 29500000
1117,"Ruiru, Ruiru",, 1500000
1118,"Lavington, Dagoretti North",Land Area 0 ac, 150000000
1119,"Lamu Road, Malindi Town, Malindi",Land Area 500 m², 3000000
1120,"Mombasa road, the rest of Machakos, the rest of Machakos",Land Area 505 m², 2000000
1121,"Watamu, Kilifi North",Building Area 500 ft², 300000
1122,"NARUMORU, NARUMORU, Nanyuki, Laikipia East",, 300000
1123,"Athi River Area, Athi River",Land Area 400 m², 450000
1124,"Nakuru Town East, Nakuru Town East",, 349999999
1125,"Kikuyu Town, Kikuyu",Land Area 500 m², 3400000
1126,"Riabai Road, Riabai Road, Kiambu Town, Kiambu Town",Land Area 297 m², 1600000
1127,"vipingo, Kilifi North",, 3500000
1128,"Kisumu Central Area, Kisumu Central",Land Area 1012 m², 12000000
1129,"Ring Road, Westlands Area, Westlands",Land Area 4047 m², 450000000
1130,"Enonkishu Conservancy, Narok, Narok",Land Area 20235 m², 25000000
1131,"Isinya, Isinya, Isinya, Kajiado North",Land Area 464 m², 800000
1132,"Kikambala, kikambala, Kikambala, Kilifi South",Land Area 3400 ft², 1400000
1133,"Syokimau Katani Road, Katani, Athi River",Land Area 0 ac, 4600000
1134,"Kamiti corner, Kiambu Road, Kiambu Road",Land Area 0 ha, 6500000
1135,"Kerarapon drive, 14 drive, Ngong, Kajiado North",Land Area 0 ha, 18000000
1136,"KAPUTIEI NORTH, the rest of Kajiado North, Kajiado North",Land Area 10 ha, 32000000
1137,"Ongata Rongai, Kajiado North",Land Area 505 m², 3000000
1138,"Ngong Road, Kilimani, Dagoretti North",Land Area 4775 m², 411000000
1139,"Thika Gatura Road, Thika, Thika",Land Area 97 ac, 873000000
1140,"Mwea, Mwea",Land Area 465 m², 350000
1141,"Maanzoni, Maanzoni Lodge, Machakos Town, Machakos Town",Land Area 1 ac, 7000000
1142,"Ruaka, Kiambaa",Land Area 5059 m², 180000000
1143,"Off Maasai Road, Ngong, Kajiado North",Land Area 10000 ft², 5500000
1144,"Ngong, Kajiado North",Land Area 1012 m², 15000000
1145,"Karen, Langata",Building Area 1 ac, 55000000
1146,"Rhino Park Road, Karen, Langata",, 61000000
1147,"Moi South Lake Road, Longonot, Naivasha",Land Area 0 ac, 9000000
1148,"karen dagoretti road, Karen, Langata",Land Area 2025 m², 30000000
1149,"Juja, Kiambu Constituency",Land Area 465 m², 11000000
1150,"Kamiti, Kiambaa",Land Area 403 ac, 6851000000
1151,"Runda, Westlands",, 25000000
1152,"Ongata Rongai, Kajiado North",Land Area 500 m², 1000000
1153,"Karen, Langata",Land Area 4047 m², 70000000
1154,"Kenyatta road, Ruiru, Ruiru",Land Area 1000 m², 10300000
1155,"Limuru Area, Limuru",Land Area 4000 m², 14500000
1156,"Bamburi, Mombasa CBD, Mombasa CBD",Land Area 3200 ft², 4700000
1157,"Kitengela, Kitengela, Kajiado North",Land Area 157833 m², 84000000
1158,"Karen, Langata",Land Area 251 m², 8500000
1159,"Namanga Road, Kitengela, Kajiado North",Land Area 505 m², 32000000
1160,"Limuru Area, Limuru",Land Area 18616 m², 280000000
1161,"Diani, Msambweni",Land Area 450 m², 1050000
1162,"Gikambura, Kikuyu",Land Area 500 m², 4500000
1163,"Near Willmary Estate, Garden Estate, Roysambu",Land Area 7689 m², 350000000
1164,"Matasia, Ngong, Kajiado North",, 2500000
1165,"BROOKSIDE DRIVE, Brookside, Westlands",Land Area 1012 m², 110000000
1166,"Ngong, Kajiado North",, 4500000
1167,"Kawangware, Dagoretti North",Land Area 0 ac, 30000000
1168,"Nanyuki, Laikipia East",Land Area 4200 m², 350000
1169,"Milimani Area, Kitengela, Kajiado North",Land Area 1011 m², 3500000
1170,"Isinya, Kajiado North",Land Area 0 ac, 350000
1171,"Kiambu Town, Kiambu Town",Land Area 899 m², 1500000
1172,"Tigoni, Limuru",Land Area 2 ac, 26000000
1173,"Kitengela, Kajiado North",Land Area 1012 m², 2000000
1174,"Shanzu Beach Rd, Shanzu, Kisauni",Land Area 9308 m², 85000000
1175,"Convent Drive , Lavington, Dagoretti North",Land Area 4047 m², 175000000
1176,"Membley, Ruiru, Ruiru",Land Area 1012 m², 7000000
1177,"Mogotio Road, Parklands, Westlands",Land Area 0 ac, 190000000
1178,"Kikuyu Town, Kikuyu",Land Area 500 m², 1850000
1179,"Golden Pearl Estate, Thika, Thika",Land Area 0 ac, 5500000
1180,"Mtwapa, Kilifi South",, 2500000
1181,"Ngong, Kajiado North",Land Area 500 m², 1800000
1182,"Mumwe Drive, Runda, Westlands",Land Area 2024 m², 29000000
1183,"Paradise Lost Road, Kiambu Road, Kiambu Road",Land Area 1140 m², 18500000
1184,"Kikuyu Town, Kikuyu",Land Area 0 ha, 1350000
1185,"Kileleshwa, Dagoretti North",Land Area 2024 m², 250000000
1186,"Shanzu, Kisauni",Land Area 8094 m², 95000000
1187,"332, Thika, Ruiru, Ruiru",Building Area 3200 ft², 4700000
1188,"Kikuyu Town, Kikuyu",Land Area 500 m², 3700000
1189,"Rwamburi Rd, Ndeiya, Limuru",Land Area 420 m², 700000
1190,"Eastern Bypass, Ruiru, Ruiru",Land Area 340 m², 7000000
1191,"Nyali, Makoma road, Nyali Area, Nyali",Land Area 14520 ft², 16000000
1192,"Kikuyu Town, Kikuyu",Land Area 500 m², 1950000
1193,"Mukima , Nanyuki, Laikipia East",Land Area 141645 m², 45000000
1194,"Nairobi Ndogo, Gikambura, Kikuyu",Land Area 1000 m², 9500000
1195,"Gitaru, Kikuyu Town, Kikuyu",Land Area 500 m², 4700000
1196,"Karuguru, Ruiru, Ruiru",Land Area 1 m², 3450000
1197,"Tatu City, Ruiru, Ruiru",Land Area 0 ac, 2200000
1198,"Muthaiga Area, Muthaiga",, 230000000
1199,"kenani, Athi River Area, Athi River",, 2800000
1200,"Kisaju, Kajiado Central",Land Area 506 m², 1500000
1201,"Thika, Thika",Land Area 50587 m², 275000000
1202,"Kikuyu Town, Kikuyu",Land Area 700 m², 9500000
1203,"Convent Drive , Lavington, Dagoretti North",Land Area 1 m², 175000000
1204,"Wangige, Kabete",Land Area 1000 m², 17000000
1205,"Kitisuru, Kitisuru, Westlands",, 250000000
1206,"Kikuyu Town, Kikuyu",Land Area 500 m², 2700000
1207,"Mlolongo, Athi River",Land Area 29137 m², 120000000
1208,"Gikambura, Kikuyu",Land Area 0 ha, 3950000
1209,"Nyali Area, Nyali",, 1850000
1210,"Garden Estate, Garden Estate, Roysambu",Land Area 2024 m², 32000000
1211,"Eldama Ravine Road, Westlands Area, Westlands",Land Area 2509 m², 250000000
1212,"Mtwapa, Kilifi South",, 2500000
1213,"Gikambura, Kikuyu",Land Area 500 m², 4000000
1214,"Kikuyu Town, Kikuyu",Land Area 0 ha, 4500000
1215,"Koma Hill, Koma Rock, Kangundo",Land Area 450 m², 600000
1216,"Malindi Road, Mtwapa, Kilifi South",Land Area 506 m², 2500000
1217,"Kwihoto, Ruiru, Ruiru",Land Area 4500 ft², 2700000
1218,"Argwings Kodhek Road, Kilimani, Dagoretti North",Land Area 0 ha, 320000000
1219,"Matuu, the rest of Machakos, the rest of Machakos",, 349000
1220,"332, Thika, Thika East, Thika East",Building Area 5000 ft², 3000000
1221,"2359, Karen, Karen, Langata",, 320000000
1222,"Katani, Athi River",Land Area 1000 m², 3200000
1223,"Gikambura, Kikuyu",Land Area 0 ha, 1950000
1224,"Shanzu, Kisauni",, 100000000
1225,"Ondire, Kikuyu Town, Kikuyu",Land Area 1000 m², 4400000
1226,"1 Acre pieces, Karen , Karen, Langata",Land Area 4047 m², 50000000
1227,"Thigiri, Westlands",Land Area 1 ac,P.O.A
1228,"Casuarina, Malindi Town, Malindi",Land Area 500 m², 2900000
1229,"Matumbato Road, Upper Hill, Langata",Land Area 4047 m², 500000000
1230,"KURUWITU, MALINDI ROAD, vipingo, Kilifi North",Land Area 0 ac, 4000000
1231,"lukenya, Athi River",Land Area 202350 m², 200000000
1232,"Mokoyeti, Mokoyeti, Karen, Langata",, 29000000
1233,"Syokimau, Athi River",Land Area 1011 m², 7500000
1234,"Gacharage, Ruaka, Kiambaa",Land Area 450 m², 17000000
1235,"Exit 12 Thika Road, Murera Road, Ruiru, Ruiru",Building Area 5000 ft², 2200000
1236,"Lusigetti, Gikambura, Kikuyu",, 2500000
1237,"00200, Kikuyu, Gikambura, Kikuyu",, 670000
1238,"Migori, migori",Building Area 3000 m², 2000000
1239,"Ruiru, Ruiru",Land Area 1012 m², 19500000
1240,"n/a, n/a, Juja, Kiambu Constituency",Land Area 0 ac, 3000000
1241,"Soy, Eldoret North, Eldoret North",Land Area 8 ac, 75000000
1242,"near Daystar, Mombasa Road, Mombasa Road",Land Area 1 ac, 20000000
1243,"Kamakis, Kiratina, Ruiru, Ruiru",, 1450000
1244,"Juja, Kiambu Constituency",, 650000
1245,"Machakos- Kangundo- Nairobi Rd, Kangundo Road, Machakos Town, Machakos Town",Land Area 3 ac, 9045000
1246,"Ngong, Kajiado North",, 3800000
1247,"Thika, Thika",Land Area 0 ha, 4300000
1248,"Ruiru, Ruiru",Land Area 0 ha, 3700000
1249,"Dennis Pritt, Kilimani, Dagoretti North",, 170000000
1250,"Jamhuri, Jamhuri, Ngong",, 32000000
1251,"Gitanga Road Valley Arcade, Lavington, Dagoretti North",Land Area 4047 m², 400000000
1252,"Argwings Kodheck rd, Kilimani, Dagoretti North",Land Area 4 ac, 1900000000
1253,"Convent Drive, Lavington, Dagoretti North",Land Area 1 m², 175000000
1254,"Convent Drive , Lavington, Dagoretti North",, 175000000
1255,"Convent Drive, Lavington, Dagoretti North",Land Area 1 m², 175000000
1256,"Gitanga Road Lavington, Valley Arcade, Dagoretti North",Land Area 1 m², 400000000
1257,"Apple Cross, Lavington, Dagoretti North",Land Area 4856 m², 165000000
1258,"Gitanga Rd, Valley Arcade, Dagoretti North",Land Area 4047 m², 400000000
1259,"Apple Cross, Lavington, Dagoretti North",Land Area 4856 m², 165000000
1260,"Kunde Road , Lavington, Dagoretti North",Land Area 2023 m², 125000000
1261,"Apple Cross Road Lavington, Lavington, Dagoretti North",Land Area 1 m², 165000000
1262,"Riverside Drive, Riverside, Westlands",Land Area 1 m², 235000000
1263,"Off Riara Road, Riara Road, Dagoretti North",Land Area 1174 m², 67000000
1264,"Njumbi, Lavington, Dagoretti North",Land Area 2023 m², 80000000
1265,"Gitanga Road Valley Arcade, Lavington, Dagoretti North",Land Area 1 m², 400000000
1266,"Jacaranda, Lavington, Dagoretti North",Land Area 4047 m², 170000000
1267,"Convent Drive, Lavington, Dagoretti North",Land Area 3723 m², 175000000
1268,"Riara, Kilimani, Dagoretti North",Land Area 1 m², 300000000
1269,"Lavington Green, Lavington, Dagoretti North",, 80000000
1270,"Kunde Road, Lavington, Dagoretti North",, 125000000
1271,"Limuru road, Ruaka, Kiambaa",, 200000000
1272,"Peoponi road, Westlands, Westlands Area, Westlands",Land Area 2 ac, 365000000
1273,"Southern Bypass, Waithaka, Dagoretti South",, 150000000
1274,"Ruiru, Ruiru",Land Area 14 ac, 320000000
1275,"Kaptagat Grove, Loresho, Nairobi, Loresho, Westlands",Land Area 1699 m², 55000000
1276,"Lower Kabete Road, Lower Kabete, Westlands",Land Area 10926 m², 250000000
1277,"Muthaiga North Road, Nairobi, Muthaiga Area, Muthaiga",, 50000000
1278,"Amboseli, Ol Tukai, Kenya, Namanga, Kajiado South",Land Area 60 ac, 40000000
1279,"Brookside Drive, Westlands, Nairobi, Brookside, Westlands",Land Area 2068 m², 195000000
1280,"Kigwa Ridge, Windsor Golf & Country Club, Nairobi, Windsor, Kiambu Constituency",Land Area 43560 m², 100000000
1281,"Along Thika Superhighway, Thika, Thika, Thika",Land Area 1 ac, 30000000
1282,"Juja Farms, Off Thika Road, Kiambu, Juja, Kiambu Constituency",Land Area 6 ac, 30000000
1283,"General Mathenge Drive, Nairobi, General Mathenge, Westlands",Land Area 1 ac, 350000000
1284,"Kiambu Road, Kiambu Road, Kiambu Road",Land Area 0 ac, 50000000
1285,"Mwiki, Kasarani",Land Area 345 m², 8500000
1286,"half acre, Thogoto, Kikuyu Town, Kikuyu",Land Area 2024 m², 40000000
1287,"Olkeri, Olkeri, Ngong, Kajiado North",, 4200000
1288,"Dagoretti Road, Ndeiya, Limuru",, 20000000
1289,"Lavington, Lavington, Dagoretti North",, 120000000
1290,"Ngong road, Ngong Road, Riruta, Dagoretti South",, 14000000
1291,"Karen, Langata",, 80000000
1292,"Ngong, Kajiado North",, 3500000
1293,"Kiambu Road, Kiambu Road",, 5200000
1294,"ngong road, Riruta, Dagoretti South",, 30000000
1295,"Karen, Karen, Karen, Langata",, 80000000
1296,"6, Ngong Road, Riruta, Dagoretti South",Land Area 2023 m², 42000000
1297,"South B, Langata",, 57000000
1298,"Runda, Westlands",, 44000000
1299,"Lower Kabete, Westlands",, 500000000
1300,"Kagundo Road, Kasarani",Land Area 5000 ft², 550000
1301,"the rest of Machakos, the rest of Machakos",Land Area 5000 ft², 379000
1302,"Kagundo Road, Kasarani",Land Area 5000 ft², 750000
1303,"Ngong, Kajiado North",Land Area 5000 ft², 599000
1304,"Ngata, Rongai",Land Area 5000 m², 599000
1305,"kamangu, kamangu, Gikambura, Kikuyu",Land Area 0 ac, 1500000
1306,"gikambura, gikambura, Gikambura, Kikuyu",Land Area 0 ac, 9500000
1307,"Jambo TV, Jambo TV, Gikambura, Kikuyu",Land Area 0 ac, 5900000
1308,"ondiri, makarecha, Gikambura, Kikuyu",, 2200000
1309,"kamangu, kamangu, Gikambura, Kikuyu",Land Area 0 ac, 1800000
1310,"Gitanga Road, Kilimani, Dagoretti North",Land Area 3602 m², 270000000
1311,"GITARU, MUTHURE, Kikuyu Town, Kikuyu",Land Area 0 ac, 5000000
1312,"gikambura, karie, Gikambura, Kikuyu",Land Area 0 ac, 3700000
1313,"JAMBO TV, JAMBO TV, Gikambura, Kikuyu",Land Area 0 ac, 5200000
1314,"Off Nairobi - Mombasa Highway, Athi River Area, Athi River",Land Area 5000 m², 850000
1315,"Katani Road, Syokimau, Athi River",, 6500000
1316,"Behind Posta, Mtwapa, Kilifi South",, 7000000
1317,"Kiserian Bypass, Isinya, Kajiado North",Land Area 0 ha, 9000000
1318,"Posta, Mtwapa, Kilifi South",Land Area 0 ha, 7000000
1319,"Muthiga, Muthiga, Kikuyu Town, Kikuyu",Land Area 100 m², 17000000
1320,"Old Muthaiga, Muthaiga",, 170000000
1321,"Thika, Thika",, 9000000
1322,"Kikuyu Town, Kikuyu",Land Area 1 ac, 25000000
1323,"Adisababa Road, Adisababa Road, Industrial Area, Embakasi",Land Area 2 ac, 320000000
1324,"Ruiru Githunguri Road, Ruiru, Ruiru",Land Area 890 m², 5500000
1325,"Mavueni, Kilifi, Kilifi North",Land Area 2 ac, 3500000
1326,"Mt Kenya Rd, Nanyuki, Laikipia East",Land Area 0 ac, 15000000
1327,"Diani Beach road, Diani, Msambweni",Land Area 2 ac, 112500000
1328,"Bypass, Ruiru, Ruiru",Land Area 1012 m², 2300000
1329,"East Church Road, Westlands Area, Westlands",Land Area 1 ac, 300000000
1330,"Kilimani, Dagoretti North",Land Area 4 ac, 1600000000
1331,"vipingo, Kilifi North",Land Area 11 ac, 25000000
1332,"Peakcock Stage, Kayole, Embakasi",Land Area 234 m², 8500000
1333,"Limuru Road, Old Muthaiga, Muthaiga",Land Area 1 ac, 190000000
1334,"Off B8 - Mombasa Kilifi Highway, Mtwapa, Kilifi South",Land Area 12141 m², 9000000
1335,"South Lake Road, the rest of Naivasha, Naivasha",, 85000000
1336,"Mandharini Road, Mnarani, Kilifi North",Land Area 40470 m², 25000000
1337,"9423, Kitengela, Kajiado North",, 1200000
1338,"Mt. Kenya, Nyali Area, Nyali","Land Area 1 ac
4
5", 100000000
1339,"Ruiru, Ruiru",Land Area 0 ha, 6000000
1340,"Gigiri, Westlands",Land Area 2023 m², 70000000
1341,"Thome, Roysambu",Land Area 2024 m², 34000000
1342,"the rest of Naivasha, Naivasha",, 350000
1343,"Nyali Area, Nyali",, 26000000
1344,"Safaripark Avenue , Thome, Roysambu",Land Area 2024 m², 35000000
1345,"Juja farm - Athi rd, Juja, Kiambu Constituency",, 650000
1346,"Mtepeni, Mtwapa, Kilifi South",Land Area 2 ac, 5500000
1347,"KANGUNDO ROAD, Kangundo road, Koma Rock, Kangundo",, 450000
1348,"Thika Road, Thika Road",, 200000
1349,"Nanyuki, Laikipia East",, 100000
1350,"RUMURUTI and NANYUKI PLOTS in LAIKIPIA COUNTY, Nanyuki, Laikipia East",, 600000
1351,"Nairobi Kenya, Kangemi waiyaki way, Kangemi, Westlands",Land Area 0 ac, 20000000
1352,"Kangundo Road, Utawala, Embakasi",Land Area 0 ac, 7000000
1353,"Central Park Court, North Muthaiga, Muthaiga",Land Area 2001 m², 55000000
1354,"Trm Drive, Roysambu Area, Roysambu",Land Area 307 m², 25500000
1355,"Kileleshwa, Dagoretti North",Land Area 0 ac, 135000000
1356,"Lavington, Dagoretti North",Land Area 4047 m², 160000000
1357,"Lavington, Dagoretti North",Land Area 0 ac, 132000000
1358,"Off Muthithi Road, Westlands Area, Westlands",, 190000000
1359,"Shanzu, Kisauni",Land Area 0 ac, 20000000
1360,"Malindi Town, Malindi",Land Area 1 ac, 12000000
1361,"Nanyuki, Laikipia East",Land Area 4047 m², 35000000
1362,"Railways Road, Nanyuki, Laikipia East",Land Area 0 ac, 10000000
1363,"King'ong'o, Nyeri Town, Nyeri Town",Land Area 50588 m², 300000000
1364,"Juakali - Maiyan Road, Nanyuki, Laikipia East",Land Area 14165 m², 10500000
1365,"Ragati, Nanyuki, Laikipia East",Land Area 36423 m², 3500000
1366,"White Sisters road, Thika West, Thika West",, 4300000
1367,"vipingo, Kilifi North",Land Area 4047 m², 6500000
1368,"Upper Hill, Langata",Land Area 3549 m², 250000000
1369,"Kinangop, Kinangop",Land Area 80940 m², 26000000
1370,"Syokimau, Athi River",Land Area 1020 m², 7900000
1371,"Thika East, Thika East",Land Area 320 m², 2600000
1372,"Makuyu Nyeri Road, Maragwa, Maragwa",Land Area 500 m², 320000
1373,"Thika West, Thika West",Land Area 940 m², 1800000
1374,"Thika, Thika",Land Area 2000 m², 14900000
1375,"Thika West, Thika West",Land Area 320 m², 650000
1376,"the rest of Kajiado Central, Kajiado Central",Land Area 460 m², 370000
1377,"kenyatta rd, Juja, Kiambu Constituency",Land Area 235 m², 1400000
1378,"Murungaru Naivasha road, Kinangop, Kinangop",Land Area 9 ac, 10800000
1379,"Garissa rd, Thika, Thika",Land Area 1040 m², 1600000
1380,"Garissa road, Masinga, Masinga",Land Area 0 ha, 125000
1381,"Kitisuru, Westlands",Land Area 2023 m², 37000000
1382,"Syokimau, Athi River",Land Area 506 m², 4000000
1383,"Off Mombasa Road, Athi River Area, Athi River",Land Area 20235 m², 15000000
1384,"Kitengela, Kajiado North",Land Area 219 ac, 394200000
1385,"Mariakani Weigh bridge, Mombasa Road, Mombasa Road",Land Area 34 ac, 238000000
1386,"Juja, Kiambu Constituency",Land Area 8094 m², 60000000
1387,"Bofa Beach, Kilifi, Kilifi North",Land Area 2 ac, 60000000
1388,"Mai Mahiu, Naivasha",Land Area 450 m², 400000
1389,"Karen, Langata",Land Area 1 m², 80000000
1390,"Matasia, Ngong, Kajiado North",, 26000000
1391,"Kileleshwa, Othaya Road, Kileleshwa, Dagoretti North",Land Area 0 ac, 140000000
1392,"Giraffe centre, Karen Hardy, Karen, Langata",Land Area 5 ac, 275000000
1393,"Maasai rd, Maasai Rd, Ngong, Kajiado North",Land Area 12950 m², 62000000
1394,"Usiu Road, Thika Road, Thika Road",Land Area 4047 m², 60000000
1395,"Mirema Road, Thika Road, Thika Road",Land Area 20235 m², 650000000
1396,"Southern By Pass, Karen, Langata",Land Area 809 m², 38000000
1397,"Acacia, Kitengela, Kajiado North",Land Area 121410 m², 165000000
1398,"Ngong -Suswa road, Ngong Suswa road, Ngong, Kajiado North",Land Area 20234 m², 70000000
1399,"Manguo Road, Limuru Area, Limuru",Land Area 0 ac, 13000000
1400,"Kiserian-Isinya, Kisaju, Kajiado Central",Land Area 0 ac, 850000
1401,"Old Kitisuru, Kitisuru, Westlands",, 40000000
1402,"Lavington, Dagoretti North",Land Area 1 m², 198000000
1403,"Parklands, Westlands",, 95000000
1404,"Kitengela, Kajiado North",Land Area 4047 m², 5000000
1405,"Kileleshwa, Dagoretti North",Land Area 4047 m², 280000000
1406,"Nairobi-Nakuru Rd, Gilgil, Gilgil",Land Area 2 ac, 15000000
1407,"Serena road, Shanzu, Kisauni",Land Area 1 ac, 120000000
1408,"Karen, Langata",Land Area 1 m², 70000000
1409,"Kitisuru, Westlands",Land Area 4047 m², 95000000
1410,"Nanyuki, Laikipia East",Land Area 2023 m², 4000000
1411,"Lavington, Dagoretti North",Land Area 2995 m², 115000000
1412,"Mariakani, Mombasa Road, Mombasa Road",Land Area 2 ac, 20000000
1413,"Mt. Kenya road, Nyali Area, Nyali",Land Area 1 ac, 85000000
1414,"5, 5th Avenue, Nyali Area, Nyali",Land Area 1 ac, 170000000
1415,"Behind Chandarana Supermarket, Ukunda, Ukunda",Land Area 0 ac, 5700000
1416,"Hurlingham, Dagoretti North",Land Area 3602 m², 480000000
1417,"Nairobi Hardy, Langata",Land Area 506 m², 30000000
1418,"Pipeline, Embakasi",Land Area 186 m², 10000000
1419,"Njumbi Rd, Lavington, Dagoretti North",Land Area 2023 m², 95000000
1420,"South B, Langata",Land Area 18 m², 5000000
1421,"Riverside Gardens, Riverside, Westlands",Land Area 3035 m², 250000000
1422,"Kiambu Rd, Ridgeways, Ridgeways",Land Area 2024 m², 45000000
1423,"lukenya, Athi River",Land Area 1012 m², 3500000
1424,"Diani Beach, Diani, Msambweni",Land Area 4047 m², 30000000
1425,"Kitisuru, Westlands",Land Area 43706 m², 800000000
1426,"Thindigua, Thindigua",Land Area 3035 m², 70000000
1427,"Upper Hill, Langata",Land Area 2023 m², 210000000
1428,"Lavington, Dagoretti North",Land Area 3290 m², 220000000
1429,"Airport Road, Syokimau, Athi River",Land Area 506 m², 4000000
1430,"Thika Road, Kasarani Area, Kasarani",Land Area 2024 m², 75000000
1431,"Karuna Close, Westlands Area, Westlands",Land Area 2024 m², 300000000
1432,"Donholm, Embakasi",Land Area 2023 m², 40000000
1433,"Kitengela, Kajiado North",Land Area 1012 m², 6500000
1434,"Katani, Athi River",Land Area 506 m², 1100000
1435,"Nyali Area, Nyali",Land Area 1012 m², 16000000
1436,"Nyali Area, Nyali",Land Area 2024 m², 65000000
1437,"Vipingo, Kikambala, Kilifi South",Land Area 2024 m², 20000000
1438,"Nyali Area, Nyali",Land Area 16188 m², 450000000
1439,"Nyali Area, Nyali",Land Area 1 ac, 170000000
1440,"Kunde Rd, Lavington, Dagoretti North",Land Area 2428 m², 135000000
1441,"Zimmermann, Roysambu",Land Area 500 m², 12000000
1442,"Maraigushu, Longonot, Naivasha",Land Area 25 m², 97500000
1443,"Kerarapon Road, Karen, Langata",Land Area 1 m², 25000000
1444,"Namanga rd, Kitengela, Kitengela, Kajiado North",, 1200000
1445,"Kangundo Rd, Joska, Kangundo",Land Area 12140 m², 350000
1446,"Kisaju, Kajiado Central",Land Area 506 m², 380000
1447,"Namanga rd, Near KAG University, Kitengela, Kajiado North",, 8000000
1448,"Kampala University, Kitengela, Kajiado North",Land Area 486 m², 1200000
1449,"Migaa Estate Kiambu Rd,Kiambu, Kiambu Road, Kiambu Road",Land Area 1012 m², 8200000
1450,"Galu kinondo, Diani beach Road, Diani, Msambweni",Land Area 0 ac, 750000
1451,"Kahawa Sukari, Kiu River Road, Thika Road, Thika Road",Land Area 1012 m², 6300000
1452,"Isinya - Kisaju, Isinya-Kiserian Road, Isinya, Kajiado North",Land Area 40469 m², 4500000
1453,"5489, Ostrich Farm, Kitengela, Kajiado North",, 950000
1454,"Kiambu Road, Kiambu Road, Kiambu Road",Land Area 26306 m², 260000000
1455,"Kahawa West, Roysambu",, 7000000
1456,"Kiambu Road, Kiambu Road",, 36500000
1457,"Ngong Road, Ngong Road",Land Area 4047 m², 480000000
1458,"Kiambu Road, Kiambu Road",, 5000000
1459,"Ruiru, Ruiru",, 3000000
1460,"Upper Hill, Langata",, 250000000
1461,"Ruiru, Ruiru",, 13500000
1462,"Kitengela, Kajiado North",, 1600000
1463,"Isinya, Kajiado North",Land Area 1 m², 980000
1464,"Cianda, Kiambaa",, 12500000
1465,"Tigoni, Limuru",, 28000000
1466,"Ruiru, Ruiru",, 5800000
1467,"Ruaka, Kiambaa",Land Area 1012 m², 35000000
1468,"III-Ruiru Green Phase 2, Off Thika Super, Ruiru, Ruiru",, 4800000
1469,"Syokimau, Athi River",Land Area 1 m², 8000000
1470,"II Ruiru Green Phase 1, Along Ruiru - Githunguri, Ruiru, Ruiru",, 4500000
1471,"Kamiti Road, Zimmermann, Roysambu",, 10000000
1472,"Mombasa Road, Mombasa Road",Land Area 3 m², 150000000
1473,"Isinya, Kajiado North",, 395000
1474,"Juja, Kiambu Constituency",, 6500000
1475,"Ruiru, Ruiru",, 9800000
1476,"Upper Hill, Langata",, 230000000
1477,"Ruiru, Ruiru",, 3000000
1478,"Kikambala, Kilifi South",Land Area 450 m², 3700000
1479,"Jamhuri, Ngong",, 12800000
1480,"Kileleshwa, Dagoretti North",, 145000000
1481,"Lavington, Dagoretti North",, 200000000
1482,"Lavington, Lavington, Dagoretti North",, 170000000
1483,"Likoni, Likoni",Land Area 4047 m², 50000000
1484,"Nyali Area, Nyali",Land Area 4047 m², 160000000
1485,"Ukunda, Ukunda",Land Area 3035 m², 7500000
1486,"Shanzu, Kisauni",Land Area 1012 m², 9000000
1487,"Watamu, Kilifi North",Land Area 12141 m², 20000000
1488,"Ukunda, Ukunda",Land Area 1012 m², 11000000
1489,"Nyali Area, Nyali",Land Area 4047 m², 100000000
1490,"Near Serena Beach Hotel, Shanzu, Kisauni",Land Area 1012 m², 17500000
1491,"Mtwapa, Kilifi South",Land Area 30353 m², 65000000
1492,"Kilifi, Kilifi North",Land Area 8094 m², 5000000
1493,"the rest of Kwale, the rest of Kwale",Land Area 80940 m², 33000000
1494,"Malindi Town, Malindi",Land Area 404700 m², 350000
1495,"Nyali Area, Nyali",Land Area 3035 m², 150000000
1496,"Diani, Msambweni",Land Area 4047 m², 10000000
1497,"Malindi Town, Malindi",Land Area 40470 m², 24000000
1498,"Nyali Area, Nyali",Land Area 8094 m², 250000000
1499,"Diani, Msambweni",Land Area 4047 m², 14000000
1500,"Kikambala Near Sun N Sand Beach Hotel, Kikambala, Kilifi South",Land Area 1012 m², 3800000
1501,"vipingo, Kilifi North",Land Area 866058 m²,P.O.A
1502,"Bamburi, Kisauni",Land Area 2024 m², 4500000
1503,"Mtwapa, Kilifi South",Land Area 298 m², 2200000
1504,"vipingo, Kilifi North",Land Area 1012 m², 1800000
1505,"Mombasa CBD, Mombasa CBD",Land Area 5450 m², 50000000
1506,"Nyali Area, Nyali",Land Area 2024 m², 50000000
1507,"Kikambala, Kilifi South",Land Area 2024 m², 12000000
1508,"Mtepeni Area, Mtwapa, Kilifi South",Land Area 8094 m², 25000000
1509,"Mount Kenya Road, Nyali Area, Nyali",Land Area 4047 m², 88000000
1510,"2, Runda Grove, Runda, Westlands",Land Area 4043 m², 95000000
1511,"Galu kinondo, Diani Beach Road, Diani, Msambweni",Land Area 505 m², 750000
1512,"Riverside, Westlands",Land Area 2025 m², 160000000
1513,"Old Muthaiga, Muthaiga",Land Area 8093 m², 360000000
1514,"Diani Beach Road , Diani Beach Road , Diani, Msambweni",Land Area 9105 m², 180000000
1515,"Off North Airport Road, Industrial Area, Embakasi",Land Area 4047 m², 95000000
1516,"Kibiko, Ngong, Kajiado North",Land Area 1012 m², 4000000
1517,"4, Bogani Road, Karen, Langata",Land Area 4046 m², 80000000
